Category_ID,Name,Name_subtitle,Keywords,Pantry_Min,Pantry_Max,Pantry_Metric,Pantry_tips,DOP_Pantry_Min,DOP_Pantry_Max,DOP_Pantry_Metric,DOP_Pantry_tips,Pantry_After_Opening_Min,Pantry_After_Opening_Max,Pantry_After_Opening_Metric,Refrigerate_Min,Refrigerate_Max,Refrigerate_Metric,Refrigerate_tips,DOP_Refrigerate_Min,DOP_Refrigerate_Max,DOP_Refrigerate_Metric,DOP_Refrigerate_tips,Refrigerate_After_Opening_Min,Refrigerate_After_Opening_Max,Refrigerate_After_Opening_Metric,Refrigerate_After_Thawing_Min,Refrigerate_After_Thawing_Max,Refrigerate_After_Thawing_Metric,Freeze_Min,Freeze_Max,Freeze_Metric,Freeze_Tips,DOP_Freeze_Min,DOP_Freeze_Max,DOP_Freeze_Metric,DOP_Freeze_Tips
7,Butter,,Butter,,,,May be left at room temperature for 1 - 2 days.,,,,,,,,,,,,1,2,Months,,,,,,,,,,,,6,9,Months,
7,Buttermilk,,Buttermilk,,,,,,,,,,,,,,,,1,2,Weeks,,,,,,,,,,,,3,3,Months,
7,Cheese,"hard such as cheddar, swiss, block parmesan","Cheese,cheddar, swiss,parmesan",,,,,,,,,,,,,,,,6,6,Months,,3,4,Weeks,,,,,,,,6,6,Months,
7,Cheese,parmesan; shredded or grated,"Cheese,parmesan,shredded,grated",,,,,,,,,,,,,,,,12,12,Months,,,,,,,,,,Not Recommended,,,,,
7,Cheese,"shredded; cheddar, mozzarella, etc.","Cheese,shredded,cheddar,mozzarella",,,,,,,,,,,,,,,,1,1,Months,,,,,,,,,,,,3,4,Months,
7,Cheese,processed slices,"Cheese,processed slices,slices,slice",,,,,,,,,,,,,,,,3,4,Weeks,,,,,,,,,,Not Recommended,,,,,
7,Cheese,"soft such as brie, bel paese, goat","Cheese,brie, bel paese, goat",,,,,,,,,,,,,,,,1,2,Weeks,,,,,,,,,,,,6,6,Months,
7,Coffee creamer,liquid refrigerated,"Coffee creamer,Coffee, creamer,liquid refrigerated",,,,,,,,,,,,,,,,3,3,Weeks,,,,,,,,,,,,,,,
7,Cottage cheese,,"Cottage cheese,cheese",,,,,,,,,,,,,,,,2,2,Weeks,,1,1,Weeks,,,,,,Not Recommended,,,,,
7,Cream cheese,,,,,,,,,,,,,,,,,,2,2,Weeks,,,,,,,,,,Not Recommended,,,,,
7,Cream,"whipping, ultrapasteurized","Cream,whipping,ultrapasteurized",,,,,,,,,,,,,,,,1,1,Months,,1,1,Weeks,,,,,,Not Recommended,,,,,
7,Cream,"whipped, sweetened","Cream,whipped, sweetened",,,,,,,,,,,,1,1,Days,,,,,,,,,,,,1,2,Months,,,,,
7,Cream,half and half,"Cream,half",,,,,,,,,,,,,,,,3,4,Days,,,,,,,,,,,,4,4,Months,
7,Cream,heavy,"Cream,heavy",,,,,,,,,,,,,,,,10,10,Days,,,,,,,,,,,,3,4,Months,
7,Cream,light,"Cream,light",,,,,,,,,,,,,,,,1,1,Weeks,,,,,,,,,,,Use for cooking.,3,4,Months,
7,Dips,sour cream based,"Dips,sour cream based,sour,cream based,cream,dip",,,,,,,,,,,,,,,,2,2,Weeks,,,,,,,,,,Not Recommended,,,,,
7,Egg substitutes,liquid,"Egg substitutes,liquid,egg,substitutes,substitute",,,,,,,,,,,,,,,,7,7,Days,,3,3,Days,,,,,,Not Recommended,,,,,
7,Eggnog,commercial,"Eggnog,commercial,egg,nog",,,,,,,,,,,,,,,,3,5,Days,,,,,,,,,,,,6,6,Months,
7,Eggs,in shell,"Eggs,in shell,egg,shell",,,,,,,,,,,,,,,,3,5,Weeks,,,,,,,,,,Not Recommended,,,,,
7,Eggs,"raw whites, yolks","Eggs,raw whites, yolks,egg,whites",,,,,,,,,,,,2,4,Days,,,,,,,,,,,,12,12,Months,,,,,
7,Eggs,hard boiled cooked,"Eggs,egg,hard boiled cooked,boiled,hard boiled",,,,,,,,,,,,1,1,Weeks,,,,,,,,,,,,,,Not Recommended,,,,,
7,Egg dishes,,"Egg dishes,egg,dishes",,,,,,,,,,,,3,4,Days,,,,,,,,,,,,2,3,Months,Freezing guidance applies to egg dishes after baking.,,,,
7,Kefir,fermented milk,"Kefir,fermented milk,milk,fermented",,,,,,,,,,,,,,,,1,1,Weeks,,1,2,Days,,,,,,Not Recommended,,,,,
7,Margarine,,Margarine,,,,,,,,,,,,,,,,6,6,Months,,,,,,,,,,,,12,12,Months,
7,Milk,plain or flavored,"Milk,plain,flavored,flavor",,,,,,,,,,,,,,Package use-by date,,,,,,,,,,,,,,,,3,3,Months,
7,Pudding,,Pudding,,,,,,,,,,,,,,Package use-by date,,,,,,2,2,Days,,,,,,Not Recommended,,,,,
7,Sour cream,,"Sour cream,cream,sour",,,,,,,,,,,,,,Package use-by date,,,,,,,,,,,,,,Not Recommended,,,,,
7,Whipped cream,aerosol can,"Whipped cream,cream,aerosol can,can",,,,,,,,,,,,,,,,3,4,Weeks,,,,,,,,,,Not Recommended,,,,,
7,Whipped topping,aerosol can,"Whipped topping,topping,aerosol can,can,whipped",,,,,,,,,,,,,,,,3,3,Months,,,,,,,,,,Not Recommended,,,,,
7,Whipped topping,tub,"Whipped topping,topping,tub,whipped",,,,,,,,,,,,,,,,2,2,Weeks,,,,,,,,14,14,Months,,,,,
7,Yogurt,,Yogurt,,,,,,,,,,,,,,,,1,2,Weeks,,,,,,,,1,2,Months,,,,,
10,Beef,"rib roast, bone-in","Beef,rib roast,bone-in,roast,bone,rib",,,,,,,,,,,,,,,,3,5,Days,,,,,,,,,,,,4,12,Months,
10,Beef,"rib roast; boneless, rolled","Beef,rib roast,boneless,rolled,roast,rib",,,,,,,,,,,,,,,,3,5,Days,,,,,,,,,,,,4,12,Months,
10,Beef,round or rump roast,"Beef,round,rump roast,roast",,,,,,,,,,,,,,,,3,5,Days,,,,,,,,,,,,4,12,Months,
10,Beef,"tenderloin, whole","Beef,tenderloin,whole",,,,,,,,,,,,,,,,3,5,Days,,,,,,,,,,,,4,12,Months,
10,Beef,"tenderloin, half","Beef,tenderloin,half",,,,,,,,,,,,,,,,3,5,Days,,,,,,,,,,,,4,12,Months,
10,Beef,"chuck roast, brisket","Beef,chuck roast,roast,brisket",,,,,,,,,,,,,,,,3,5,Days,,,,,,,,,,,,4,12,Months,
10,Beef,steaks,"Beef,steaks,steak",,,,,,,,,,,,,,,,3,5,Days,,,,,,,,,,,,4,12,Months,
10,Beef,"stew, cubes","Beef,stew, cubes,cube",,,,,,,,,,,,,,,,3,5,Days,,,,,,,,,,,,4,12,Months,
10,Beef,short ribs,"Beef,short ribs,ribs,rib",,,,,,,,,,,,,,,,3,5,Days,,,,,,,,,,,,4,12,Months,
10,Beef,ground,"Beef,ground",,,,,,,,,,,,,,,,1,2,Days,,,,,,,,,,,,3,4,Months,
10,Lamb,"leg, bone-in - small","Lamb,leg,bone-in - small,bone-in,bone",,,,,,,,,,,,,,,,3,5,Days,,,,,,,,,,,,4,12,Months,
10,Lamb,"leg, bone-in - large","Lamb,leg,bone-in - large,bone-in,bone",,,,,,,,,,,,,,,,3,5,Days,,,,,,,,,,,,4,12,Months,
10,Lamb,"leg; boneless, rolled","Lamb,leg,boneless,rolled,bone",,,,,,,,,,,,,,,,3,5,Days,,,,,,,,,,,,4,12,Months,
10,Lamb,crown roast,"Lamb,crown roast,roast",,,,,,,,,,,,,,,,3,5,Days,,,,,,,,,,,,4,12,Months,
10,Lamb,shoulder roast or shank leg half,"Lamb,shoulder roast,roast,shoulder,shank leg half,half,shank,shank leg,leg",,,,,,,,,,,,,,,,3,5,Days,,,,,,,,,,,,4,12,Months,
10,Lamb,cubes for kabobs,"Lamb,cubes,kabobs,cube,kabob",,,,,,,,,,,,,,,,3,5,Days,,,,,,,,,,,,4,12,Months,
10,Lamb,ground,"Lamb,ground",,,,,,,,,,,,,,,,1,2,Days,,,,,,,,,,,,3,4,Months,
10,Lamb,"chops, ribs, or loin","Lamb,chops,ribs,loin,rib",,,,,,,,,,,,,,,,3,5,Days,,,,,,,,,,,,4,12,Months,
10,Lamb,leg steaks,"Lamb,leg steaks,steaks,steak,leg",,,,,,,,,,,,,,,,3,5,Days,,,,,,,,,,,,4,12,Months,
10,Lamb,"stew meat, pieces","Lamb,stew,pieces,stew meat,meat,piece",,,,,,,,,,,,,,,,3,5,Days,,,,,,,,,,,,4,12,Months,
10,Lamb,shanks,"Lamb,shanks,shank",,,,,,,,,,,,,,,,3,5,Days,,,,,,,,,,,,4,12,Months,
10,Lamb,"breast, rolled","Lamb,breast,rolled",,,,,,,,,,,,,,,,3,5,Days,,,,,,,,,,,,4,12,Months,
10,Veal,"shoulder roast, boneless","Veal,shoulder,boneless,shoulder roast,roast",,,,,,,,,,,,,,,,3,5,Days,,,,,,,,,,,,4,12,Months,
10,Veal,"leg rump or round roast, boneless","Veal,leg rump,rump,leg,round,round roast,roast,boneless",,,,,,,,,,,,,,,,3,5,Days,,,,,,,,,,,,4,12,Months,
10,Veal,"loin roast, bone-in","Veal,loin roast,bone-in,roast,bone,loin",,,,,,,,,,,,,,,,3,5,Days,,,,,,,,,,,,4,12,Months,
10,Veal,ground,"Veal,ground",,,,,,,,,,,,,,,,1,2,Days,,,,,,,,,,,,3,4,Months,
10,Pork,"loin roast, bone-in","Pork,loin roast,bone-in,roast,bone,loin",,,,,,,,,,,,,,,,3,5,Days,,,,,,,,,,,,4,12,Months,
10,Pork,"loin roast, boneless","Pork,loin,boneless,loin roast,roast",,,,,,,,,,,,,,,,3,5,Days,,,,,,,,,,,,4,12,Months,
10,Pork,"loin chops, bone-in","Pork,loin chops,bone-in,chops,bone,loin",,,,,,,,,,,,,,,,3,5,Days,,,,,,,,,,,,4,12,Months,
10,Pork,"loin chops, boneless","Pork,loin,boneless,loin chops,chops",,,,,,,,,,,,,,,,3,5,Days,,,,,,,,,,,,4,12,Months,
10,Pork,crown roast - small,"Pork,roast,crown,crown roast - small,small,crown roast",,,,,,,,,,,,,,,,3,5,Days,,,,,,,,,,,,4,12,Months,
10,Pork,crown roast - large,"Pork,roast,crown,crown roast - large,large,crown roast",,,,,,,,,,,,,,,,3,5,Days,,,,,,,,,,,,4,12,Months,
10,Pork,tenderloin,"Pork,tenderloin",,,,,,,,,,,,,,,,3,5,Days,,,,,,,,,,,,4,12,Months,
10,Pork,tenderloin medallions or loin cubes,"Pork,tenderloin,tenderloin medallions,loin cubes,medallion,loin cube,loin,medallions,cube,cubes",,,,,,,,,,,,,,,,3,5,Days,,,,,,,,,,,,4,12,Months,
10,Goat,"tender whole cuts (legs, ribs, shoulder, loin)","Goat,tender whole cuts,legs,ribs,shoulder,loin,tender,whole cuts,leg,rib",,,,,,,,,,,,,,,,3,5,Days,,,,,,,,,,,,4,12,Months,
10,Goat,"less tender whole cuts (stew meat, riblets, shanks)","Goat,less tender whole cuts,stew meat,stew,meat,riblets,shanks,whole cuts,tender,less tender",,,,,,,,,,,,,,,,3,5,Days,,,,,,,,,,,,4,12,Months,
10,Pork,ribs,"Pork,ribs,rib",,,,,,,,,,,,,,,,3,5,Days,,,,,,,,,,,,4,12,Months,
10,Pork,ground,"Pork,ground",,,,,,,,,,,,,,,,1,2,Days,,,,,,,,,,,,3,4,Months,
10,Pork,shoulder,"Pork,shoulder",,,,,,,,,,,,,,,,3,5,Days,,,,,,,,,,,,4,12,Months,
10,Pork,"loin, cubes","Pork,loin,cubes,cube",,,,,,,,,,,,,,,,3,5,Days,,,,,,,,,,,,4,12,Months,
10,Venison,"round, rump, loin, or rib roast","Venison,rump,round,loin,rib,rib roast,roast",,,,,,,,,,,,,,,,3,5,Days,,,,,,,,,,,,4,12,Months,
10,Variety meats,"liver, tongue, chitterlings, etc.","Variety meats,liver,tongue,chitterlings,meats,meat,chitterling",,,,,,,,,,,,,,,,1,2,Days,,,,,,,,,,,,3,4,Months,
10,Goat,ground,"Goat,ground",,,,,,,,,,,,,,,,1,2,Days,,,,,,,,,,,,3,4,Months,
12,Bacon,,Bacon,,,,,,,,,,,,,,,,1,1,Weeks,,1,1,Weeks,,,,,,,,1,1,Months,
12,Corned beef,in pouch with pickling juices,"Corned beef,pouch,pickling juices,juices,juice",,,,,,,,,,,,,,,,5,7,Days,,,,,,,,,,,,1,1,Months,
12,Ham,canned (“keep refrigerated” label),"Ham,canned,keep refrigerated,label,refrigerated",,,,,,,,,,,,,,,,6,9,Months,,,,,,,,,,Not Recommended,,,,,
12,Ham,"fully cooked, bone-in, whole","Ham,fully cooked,bone-in,whole,cooked,bone",,,,,,,,,,,,,,,,1,1,Weeks,,,,,,,,,,,,1,2,Months,
12,Ham,"fully cooked, bone-in, half","Ham,fully cooked,bone-in,half,cooked,bone",,,,,,,,,,,,,,,,1,1,Weeks,,,,,,,,,,,,1,2,Months,
12,Ham,"fully cooked, slices, half, or spiral cut","Ham,fully cooked,slices,half,spiral cut,cooked,slice",,,,,,,,,,,,,,,,3,4,Days,,,,,,,,,,,,1,2,Months,
12,Ham,"fully cooked, arm picnic shoulder, boneless","Ham,fully cooked,cooked,arm picnic shoulder,boneless,shoulder,arm picnic",,,,,,,,,,,,,,,,1,1,Weeks,,,,,,,,,,,,1,2,Months,
12,Ham,"fully cooked, canned, boneless (refrigerated)","Ham,fully cooked,cooked,canned,boneless,refrigerated",,,,,,,,,,,,,,,,6,9,Months,,3,5,Days,,,,,,,,1,2,Months,
12,Ham,"fully cooked, vacuum packed, boneless","Ham,fully cooked,cooked,vacuum packed,boneless",,,,,,,,,,,,,,,,2,2,Weeks,,,,,,,,,,,,1,2,Months,
12,Ham,"fresh, cook-before-eating, bone-in, whole","Ham,fresh,cook-before-eating,bone-in,whole,bone",,,,,,,,,,,,,,,,1,1,Weeks,,,,,,,,,,,,1,2,Months,
12,Ham,"fresh, cook-before-eating, bone-in, half","Ham,fresh,cook-before-eating,bone-in,half,bone",,,,,,,,,,,,,,,,1,1,Weeks,,,,,,,,,,,,1,2,Months,
12,Ham,"fresh, cook-before-eating, shank or butt portion, bone-in","Ham,fresh,cook-before-eating,shank,butt portion,bone-in,bone",,,,,,,,,,,,,,,,1,1,Weeks,,,,,,,,,,,,1,2,Months,
12,Ham,"fresh, cook-before-eating, arm picnic shoulder, boneless","Ham,fresh,cook-before-eating,before-eating,arm picnic shoulder,boneless,arm picnic,shoulder",,,,,,,,,,,,,,,,1,1,Weeks,,,,,,,,,,,,1,2,Months,
12,Ham,"fresh, cook-before-eating, shoulder roll (butt), boneless","Ham,fresh,cook-before-eating,before-eating,shoulder roll,butt,boneless,roll",,,,,,,,,,,,,,,,1,1,Weeks,,,,,,,,,,,,1,2,Months,
12,Ham,"fresh, uncooked, whole leg, bone-in","Ham,fresh,uncooked,whole leg,bone-in,cooked,leg,bone",,,,,,,,,,,,,,,,1,1,Weeks,,,,,,,,,,,,1,2,Months,
12,Ham,"fresh, uncooked, whole leg, boneless","Ham,fresh,uncooked,whole leg,boneless,cooked,leg,bone",,,,,,,,,,,,,,,,1,1,Weeks,,,,,,,,,,,,1,2,Months,
12,Ham,"fresh, uncooked, half leg, bone-in","Ham,fresh,uncooked,half leg,bone-in,bone,leg,cooked",,,,,,,,,,,,,,,,1,1,Weeks,,,,,,,,,,,,1,2,Months,
12,Ham,country ham (whole or half),"Ham,country ham,whole,half",,,,,,,,,,,,,,,,1,1,Weeks,,,,,,,,,,,,1,2,Months,
12,Hot dogs,,"Hot dogs,hot",,,,,,,,,,,,,,,,2,2,Weeks,,1,1,Weeks,,,,,,,,1,2,Months,
12,Sausage,raw bulk type or patties,"Sausage,raw bulk type,patties,raw,patty",,,,,,,,,,,,,,,,1,2,Days,,,,,,,,,,,,1,2,Months,
12,Sausage,"fully cooked smoked links, kielbasa","Sausage,fully cooked smoked links,kielbasa,smoked links,links,fully cooked,link",,,,,,,,,,,,,,,,1,1,Weeks,,,,,,,,,,,,1,2,Months,
12,Sausage,"hard, dry (pepperoni), sliced","Sausage,hard,dry,pepperoni,sliced,slice,dry pepperoni",,,,,,,,,,,,,,,,2,3,Weeks,,,,,,,,,,,,1,2,Months,
13,"Stuffed, raw pork chops",,"Stuffed,raw pork chops,chops,raw pork,pork",,,,,,,,,,,,,,,,1,2,Days,,,,,,,,,,,,9,9,Months,
13,Raw kabobs with vegetables,,"Raw kabobs,vegetables,kabobs,kabob",,,,,,,,,,,,,,,,1,2,Days,,,,,,,,,,,,3,4,Months,
11,Bacon,fully cooked,"Bacon,fully cooked,cooked",,,,,6,6,Months,,,,,,,,,,,,,5,14,Days,,,,,,,,,,,
11,Ham,shelf-stable cans,"Ham,shelf stable cans,cans,shelf stable,shelf,stable,can",,,,,6,9,Months,,,,,,,,,,,,,5,14,Days,,,,,,,,,,,
11,Jerky,commercially dried,"Jerky,commercially dried,dried",,,,,12,12,Months,,,,,,,,,,,,,2,3,Months,,,,,,,,,,,
11,Jerky,homemade,"Jerky,homemade",1,2,Months,,,,,,,,,1,2,Months,,,,,,,,,,,,,,,,,,,
11,Meat products,canned,"Meat products,products,canned,meat,product",,,,,5,5,Years,,,,,,,,,,,,,3,4,Days,,,,,,,,,,,
11,Retort pouches or boxes,,"Retort pouches,boxes,box,retort,pouch",,,,,,,,,,,,,,,,,,,,3,4,Days,,,,,,,,,,,
15,Chicken,whole,"Chicken,whole",,,,,,,,,,,,,,,,1,2,Days,,,,,,,,,,,,12,12,Months,
15,Turkey,whole,"Turkey,whole",,,,,,,,,,,,,,,,1,2,Days,,,,,,,,,,,,12,12,Months,
15,Ground turkey or chicken,,"Ground turkey,chicken,turkey",,,,,,,,,,,,,,,,1,2,Days,,,,,,,,,,,,3,4,Months,
15,Chicken parts,"breast halves, bone-in","Chicken parts,breast halves,bone-in,halves,bone,breast,chicken,half",,,,,,,,,,,,,,,,1,2,Days,,,,,,,,,,,,9,9,Months,
15,Chicken parts,"breast halves, boneless","Chicken parts,breast halves,boneless,chicken,breast,halves,half,bone",,,,,,,,,,,,,,,,1,2,Days,,,,,,,,,,,,9,9,Months,
15,Chicken parts,legs or thighs,"Chicken parts,legs,thighs,chicken,leg,thigh",,,,,,,,,,,,,,,,1,2,Days,,,,,,,,,,,,9,9,Months,
15,Turkey parts,"breast halves, bone-in","Turkey parts,breast halves,bone-in,halves,bone,breast,half,turkey",,,,,,,,,,,,,,,,1,2,Days,,,,,,,,,,,,9,9,Months,
15,Turkey parts,"breast halves, boneless","Turkey parts,breast,boneless,bone,turkey",,,,,,,,,,,,,,,,1,2,Days,,,,,,,,,,,,9,9,Months,
15,Turkey parts,legs or thighs,"Turkey parts,legs,thighs,turkey,leg,thigh",,,,,,,,,,,,,,,,1,2,Days,,,,,,,,,,,,9,9,Months,
15,Duckling,"domestic or wild, whole","Duckling,domestic,wild,whole",,,,,,,,,,,,,,,,1,2,Days,,,,,,,,,,,,6,6,Months,
15,Goose,"domestic or wild, whole","Goose,domestic,wild,whole",,,,,,,,,,,,,,,,1,2,Days,,,,,,,,,,,,6,6,Months,
15,Pheasant,"young, whole","Pheasant,young,whole",,,,,,,,,,,,,,,,1,2,Days,,,,,,,,,,,,6,6,Months,
15,Quail,whole,"Quail,whole",,,,,,,,,,,,,,,,1,2,Days,,,,,,,,,,,,6,6,Months,
15,Capon,whole,"Capon,whole",,,,,,,,,,,,,,,,1,2,Days,,,,,,,,,,,,12,12,Months,
15,Cornish Hens,whole,"Cornish Hens,Hens,whole,Hen",,,,,,,,,,,,,,,,1,2,Days,,,,,,,,,,,,12,12,Months,
15,Giblets,,"Giblets,giblet",,,,,,,,,,,,,,,,1,2,Days,,,,,,,,,,,,3,4,Months,
17,"Stuffed, raw chicken breasts",,"Stuffed,raw chicken breasts,breast,chicken,chicken breasts",,,,,,,,,,,,1,2,Days,,,,,,,,,,,,9,9,Months,,,,,
17,Raw kabobs with vegetables,,"Raw kabobs,vegetables,kabobs,kabob,vegetable",,,,,,,,,,,,1,2,Days,,,,,,,,,,,,3,4,Months,,,,,
17,Turducken,,Turducken,,,,,,,,,,,,,,Not Recommended,,,,,,,,,,,,,,,,9,9,Months,
14,"Chicken nuggets, patties",,"Chicken nuggets, patties,chicken,nuggets,nugget,patty",,,,,,,,,,,,,,,,,,,,,,,1,2,Days,,,,,1,3,Months,
14,Cooked poultry dishes,,"Cooked poultry dishes,poultry dishes,poultry",,,,,,,,,,,,3,4,Days,,,,,,,,,,,,4,6,Months,,,,,
14,Fried chicken,,"Fried chicken,chicken",,,,,,,,,,,,3,4,Days,,,,,,,,,,,,4,4,Months,,,,,
25,Poultry pieces,covered with gravy or broth,"Poultry pieces,gravy,broth,poultry,pieces,piece",,,,,,,,,,,,3,4,Days,,,,,,,,,,,,1,2,Months,,,,,
14,Rotisserie chicken,,"Rotisserie chicken,chicken,Rotisserie",,,,,,,,,,,,,,,,3,4,Days,,,,,,,,,,,,4,4,Months,
16,Canned chicken,,"Canned chicken,chicken,canned,can",,,,,5,5,Years,,,,,,,,,,,,,3,4,Days,,,,,,,,,,,
16,Retort pouches or boxes,,"Retort pouches,boxes,box,retort,pouch",,,,,,,,,,,,,,,,,,,,3,4,Days,,,,,,,,,,,
20,Lean fish,"cod, flounder, haddock, halibut, sole, etc.","Lean fish,cod, flounder,haddock,halibut,sole,fish",,,,,,,,,,,,,,,,1,2,Days,,,,,,,,,,,,6,8,Months,
20,Lean fish,"pollock, ocean perch, rockfish, sea trout.","Lean fish,pollock,ocean,rockfish, sea,sea trout,fish,ocean perch,perch,trout,rock",,,,,,,,,,,,,,,,1,2,Days,,,,,,,,,,,,4,8,Months,
20,Fatty fish,"bluefish, catfish, mackerel, mullet, salmon, tuna, etc.","Fatty fish,bluefish,catfish,mackerel,mullet,salmon,tuna,fish,fatty,blue,cat",,,,,,,,,,,,,,,,1,2,Days,,,,,,,,,,,,2,3,Months,
20,Caviar,"fresh, in jar","Caviar,fresh,jar",,,,,,,,,,,,,,,,1,4,Weeks,,2,2,Days,,,,,,Not Recommended,,,,,
20,Cooked fish,all,"Cooked fish,fish,all",,,,,,,,,,,,3,4,Days,,,,,,,,,,,,1,2,Months,,,,,
20,Surimi seafood,,"Surimi seafood,surimi,sea,food",,,,,,,,,,,,,,Package use-by date,,,,,,,,,,,,,,,,9,9,Months,
21,Scallops,,"Scallops,scallop",,,,,,,,,,,,,,,,1,3,Days,,,,,,,,,,,,6,18,Months,
21,"Shrimp, crayfish",,"Shrimp,crayfish,cray,fish",,,,,,,,,,,,,,,,1,3,Days,,,,,,,,,,,,6,18,Months,
21,Squid,,Squid,,,,,,,,,,,,,,,,1,3,Days,,,,,,,,,,,,6,18,Months,
21,"Shucked clams, mussels, and oysters",,"Shucked clams,mussels,oysters,clams,clam,mussels,mussel,oyster",,,,,,,,,,,,,,,,3,10,Days,,,,,,,,,,,,3,4,Months,
21,Crab meat,fresh,"Crab meat,meat,fresh,crab",,,,,,,,,,,,1,3,Days,,,,,,,,,,,,2,4,Months,,,,,
21,Crab meat,pasteurized,"Crab meat,meat,pasteurized,crab",,,,,,,,,,,,,,,,10,12,Months,,3,5,Days,,,,,,,,4,10,Months,
21,Crab legs,"king, dungeness, snow","Crab legs,king,dungeness,snow,crab,legs,leg",,,,,,,,,,,,,,,,2,4,Days,,,,,,,,,,,,9,12,Months,
21,"Live clams, mussels, crab, and oysters",,"Live clams,mussels,crab,oysters,clams,clam,mussel,oyster",,,,,,,,,,,,,,,,1,2,Days,,,,,,,,,,,,2,3,Months,
21,Fresh whole lobster,live,"Fresh whole lobster,lobster,live,whole lobster",,,,,,,,,,,,,,,,1,1,Days,It is not safe to cook and eat a whole lobster if it is dead at the time of preparation.,,,,,,,,,Not Recommended,,,,,
21,Fresh lobster tails,cooked,"Fresh lobster tails,tails,cooked,lobster tails,tail",,,,,,,,,,,,,,,,2,3,Days,,,,,,,,,,,,2,4,Weeks,
21,"Fresh clams, mussels, oysters",,"Fresh clams,clams,oysters,clam,mussels,mussel,oyster",,,,,,,,,,,,,,,,5,10,Days,,,,,,,,,,Not Recommended,,,,,
21,Fresh whole lobster,frozen,"Fresh whole lobster,lobster,frozen,whole lobster",,,,,,,,,,,,,,,,1,2,Days,,,,,,,,,,,,2,4,Weeks,
21,Cooked shellfish,all,"Cooked shellfish,shellfish,fish,cooked",,,,,,,,,,,,3,4,Days,,,,,,,,,,,,,,,,1,3,Months,
22,Herring,"glass packed, in wine sauce","Herring,glass packed,wine sauce,packed,glass,wine,sauce",,,,,,,,,,,,,,,,4,6,Months,,,,,,,,,,Not Recommended,,,,,
22,Fish,"hot smoked, air pack","Fish,hot smoked,air pack,hot,smoked,pack
",,,,,,,,,,,,,,,,14,45,Days,,,,,,,,,,,,9,12,Months,
22,Fish,"hot smoked, vacuum pack","Fish,hot smoked,vacuum pack,hot,smoked,vacuum,pack",,,,,,,,,,,,,,,,14,45,Days,,,,,,,,,,,,6,12,Months,
22,Fish,"cold smoked, air pack","Fish,cold smoked,air pack,cold,smoked,pack",,,,,,,,,,,,,,,,14,30,Days,,,,,,,,,,,,9,12,Months,
22,Fish,"cold smoked, vacuum pack","Fish,cold smoked,vacuum pack,cold,smoked,vacuum,pack",,,,,,,,,,,,,,,,21,30,Days,,,,,,,,,,,,9,12,Months,
24,Tofu,,Tofu,,,,,,,,,,,,,,,,1,1,Weeks,,,,,,,,,,,,5,5,Months,
24,Miso,,Miso,,,,,,,,,,,,,,,,1,1,Years,,,,,,,,,,Not Recommended,,,,,
24,Soy flour,full-fat,"Soy flour,full fat,soy,flour,fat",,,,,2,2,Months,,,,,,,,,6,6,Months,,,,,,,,,,,,,,,
24,Textured soy protein,(TSP),"Textured soy protein,protein,TSP,soy protein,soy",,,,,2,2,Years,,3,4,Months,,,,,,,,,,,,,,,,,,,,,,
24,Re-hydrated textured soy protein,(TSP),"Re hydrated textured soy protein,protein,TSP,soy,soy protein,textured soy protein,Re hydrated ",,,,,3,4,Months,,,,,3,4,Days,Refrigeration time applies to prepared product.,,,,,,,,,,,,,,,,,,
25,Leftovers,"with meat, fish, poultry, or egg","Leftovers,meat,fish,poultry,egg,leftover",,,,,,,,,,,,3,4,Days,,,,,,,,,,,,2,3,Months,,,,,
25,Leftovers,"without meat, fish, poultry, or egg (such as cooked vegitables, rice, or potatoes)","leftover,leftovers,without meat,fish,poultry,egg,cooked vegetables,rice,potatoes,meat,vegetables,potato,vegetable",,,,,,,,,,,,3,4,Days,,,,,,,,,,,,1,2,Months,,,,,
25,Leftovers,pizza,"Leftovers,pizza",,,,,,,,,,,,3,4,Days,,,,,,,,,,,,1,2,Months,,,,,
25,Commercial brand vacuum-packed dinners,with USDA seal,"Commercial brand vacuum-packed dinners,brand vacuum packed dinners,USDA seal,USDA,seal,dinners,dinner,vacuum packed,vacuum packed dinner,packed dinner,packed",,,,,,,,,,,,,,,,2,2,Weeks,,,,,,,,,,Not Recommended,,,,,
25,Cooked pasta,,"Cooked pasta,pasta",,,,,,,,,,,,3,5,Days,,,,,,,,,,,,1,2,Months,,,,,
25,Cooked rice,,"Cooked rice,rice",,,,,,,,,,,,4,6,Days,,,,,,,,,,,,6,6,Months,,,,,
25,"Fruit, cut",,"Fruit,cut",,,,,,,,,,,,,,Package use-by date,,,,,,4,4,Days,,,,,,Not Recommended,,,,,
25,Guacamole,,Guacamole,,,,,,,,,,,,3,4,Days,,,,,,,,,,,,3,4,Months,,,,,
25,Hummus,"commercial (pasteurized, with preservatives)","Hummus,commercial,pasteurized,preservatives,preservative",,,,,,,,,,,,,,,,3,3,Months,,7,7,Days,,,,,,Not Recommended,,,,,
25,Hummus,"traditional (no preservatives, not pasteurized)","Hummus,traditional,no preservatives,not pasteurized,no preservative,preservatives,preservative,pasteurized",,,,,,,,,,,,7,7,Days,,,,,,,,,,,,,,Not Recommended,,,,,
25,Luncheon meat or poultry,store-sliced,"Luncheon meat,poultry,store sliced,meat,luncheon,store,sliced",,,,,,,,,,,,,,,,3,5,Days,,,,,,,,1,2,Months,,,,,
25,Main dishes or meals,hot or refrigerated,"Main dishes,meals,hot,refrigerated,dishes,dish,meal",,,,,,,,,,,,,,,,3,4,Days,,,,,,,,2,3,Months,,,,,
25,Meats,covered with gravy or broth,"Meats,gravy,broth,meat",,,,,,,,,,,,3,4,Days,,,,,,,,,,,,6,6,Months,,,,,
25,Olives,from olive bar,"Olives,bar,olive",,,,,,,,,,,,,,,,2,2,Weeks,,,,,,,,,,Not Recommended,,,,,
25,Pate,,Pate,,,,,,,,,,,,,,,,1,2,Days,,,,,,,,1,2,Months,,,,,
25,Luncheon meat or poultry,pre-packaged,"Luncheon meat,luncheon,meat,poultry,packaged,pre packaged",,,,,,,,,,,,,,,,2,2,Weeks,,3,5,Days,,,,,,,,1,2,Months,
25,"Soup, stews",,"Soup,stews,stew",,,,,,,,,,,,3,4,Days,,,,,,,,,,,,2,3,Months,,,,,
25,Casseroles,,"Casseroles,Casserole",,,,,,,,,,,,3,4,Days,,,,,,,,,,,,,,,,,,,
2,Commercial bread products,"including pan breads, flat breads, rolls, and buns","Commercial bread products,pan breads,flat breads,rolls,buns,bread products,bread,products,product,pan,breads,bread,flat,roll,bun",,,,,14,18,Days,,,,,,,,,,,,,2,3,Weeks,,,,,,,,3,5,Months,
9,Tortillas,flour,"Tortillas,Tortilla",,,,,3,3,Months,,,,,,,,,,,,,3,3,Months,,,,,,,,6,6,Months,
2,Commercial cakes and muffins,,"Commercial cakes,cake,muffin,muffins",,,,,3,7,Days,,,,,,,,,,,,,7,10,Days,,,,,,,,6,6,Months,
2,Cheesecake,,"Cheesecake,cake,cheese",,,,,,,,,,,,,,,,,,,,5,7,Days,,,,,,,,3,6,Months,
2,Cookies,soft,"Cookies,soft,cookie",,,,,2,3,Months,,,,,,,,,,,,,,,,,,,,,,,8,12,Months,
2,Cookies,crispy,"Cookies,crispy,cookie",,,,,4,6,Months,,,,,,,,,,,,,,,,,,,,,,,8,12,Months,
2,Dairy filled eclairs,,"Dairy filled eclairs,dairy filled,eclairs,éclair,dairy",,,,,,,,,,,,,,,,,,,,2,3,Days,,,,,,,,3,3,Months,
2,Doughnuts,,"Doughnuts,doughnut,dough,nut",,,,,1,2,Days,,,,,,,,,,,,,2,2,Days,,,,,,Not Recommended,,,,,
2,Fruit cake,,"Fruit cake,fruit,cake",,,,,6,6,Months,,,,,,,,,,,,,12,12,Months,,,,,,,,12,12,Months,
2,"Pastries, danish",,"Pastries,danish,pastry",,,,,5,10,Days,,,,,,,,,,,,,14,14,Months,,,,,,Not Recommended,,,,,
2,Cream pies,"banana cream, coconut cream, butterscotch","Pies,cream,pie, banana, banana cream,coconut,coconut cream,butterscotch",,,,,,,,,,,,,,,,,,,,3,4,Days,,,,,,Not Recommended,,,,,
2,Chiffon pies,"chocolate, lemon","Pies,chiffon,pie,chocolate,lemon,chocolate pie,lemon pie",,,,,,,,,,,,,,,,,,,,1,2,Days,,,,,,Not Recommended,,,,,
2,Fruit pies,"apple, peach, blueberry, apricot, cherry, blackberry","Pies,fruit,pie,apple,apple pie,peach,peach pie,blueberry,blueberry pie,cherry,cherry pie,apricot,apricot pie,blackberry,blackberry pie",1,2,Days,,,,,,,,,,,,,,,,,1,1,Weeks,,,,8,8,Months,,,,,
2,Pies,mincemeat,"Pies,mincemeat,pie,meat,mince",2,2,Hours,,,,,,,,,,,,,,,,,1,1,Weeks,,,,8,8,Months,,,,,
2,Pies,pecan,"Pies,Pie,pecan",2,2,Hours,,,,,,,,,,,,,,,,,3,4,Days,,,,1,2,Months,,,,,
2,Pies,pumpkin,"Pies,Pie,pumpkin",2,2,Hours,,,,,,,,,,,,,,,,,3,4,Days,,,,1,2,Months,,,,,
2,Quiche,,Quiche,2,2,Hours,,,,,,,,,,,,,,,,,3,5,Days,,,,2,3,Months,,,,,
3,Baking powder,,"Baking powder,baking,powder",,,,,6,18,Months,,3,6,Months,,,,,,,,,,,,,,,,,,,,,,
3,Baking soda,,"Baking soda,soda,baking",,,,,2,3,Years,,6,6,Months,,,,,,,,,,,,,,,,,,,,,,
3,Biscuit or pancake mix,,"Biscuit,pancake mix,pancake,mix,cake",,,,,9,9,Months,,,,,,,,,,,,,,,,,,,,,,,,,,
3,"Cake, brownie, bread mixes",,"Cake,brownie,bread mixes,bread,mixes,mix",,,,,12,18,Months,,,,,,,,,,,,,,,,,,,,,,,,,,
3,Chocolate,"unsweetened and semi-sweet, solid","Chocolate,unsweetened,semi sweet,solid,sweet",,,,,1,2,Years,,1,1,Years,,,,,,,,,,,,,,,,,,,,,,
3,Cocoa and cocoa mixes,,"Cocoa,cocoa mixes,mixes,mix",,,,,,,Indefinitely,,1,1,Years,,,,,,,,,,,,,,,,,,,,,,
3,Cornmeal,"regular, degerminated","Cornmeal,regular,degerminated,germinated,germinate,corn,meal",,,,,6,12,Months,,2,2,Years,,,,,,,,,1,1,Year,,,,,,,,,,,
3,Cornmeal,stone ground or blue,"Cornmeal,stone ground,blue,ground,stone,corn,meal",,,,,1,1,Months,,,,Not Recommended,,,,,,,,,2,4,Months,,,,,,,,,,,
3,Cornstarch,,"Cornstarch,corn,starch",,,,,18,24,Months,,18,18,Months,,,,,,,,,,,,,,,,,,,,,,
3,Flour,white,"Flour,white",,,,,6,12,Months,,6,8,Months,,,,,,,,,1,1,Year,,,,,,,,,,,
3,Flour,whole wheat,"Flour,whole wheat,wheat",,,,,3,6,Months,,,,,,,,,,,,,6,8,Months,,,,,,,,,,,
3,Frosting or icing,,"Frosting,icing,frost,ice",,,,,10,12,Months,,,,,,,,,,,,,2,3,Weeks,,,,,,,,,,,
3,Gelatin,flavored,"Gelatin,flavor,flavored",,,,,10,12,Months,,3,4,Months,,,,,,,,,,,,,,,,,,,,,,
3,Gelatin,unflavored,"Gelatin,unflavor,unflavored",,,,,3,3,Years,,,,Not Recommended,,,,,,,,,,,,,,,,,,,,,,
3,Oils,olive or vegetable,"Oils,olive,vegetable,oil",,,,,6,12,Months,,3,5,Months,,,,,,,,,4,4,Months,,,,,,,,,,,
3,Nut oils,,"Nut oils,nut,oils,oil",,,,,6,12,Months,,3,8,Months,,,,,,,,,6,8,Months,,,,,,,,,,,
3,Vegetable oil sprays,,"Vegetable oil sprays,sprays,oil,vegetable,vegetable oil",,,,,2,2,Years,,1,1,Years,,,,,,,,,,,,,,,,,,,,,,
3,Shortening,solid,"Shortening,solid",,,,,1,2,Years,,6,12,Months,,,,,,,,,,,,,,,,,,,,,,
3,Tamarind paste,,"Tamarind paste,paste,tamarind",,,,,6,12,Months,,6,6,Months,,,,,,,,,2,3,Months,,,,,,,,,,,
3,Chili powder,,"Chili powder,powder,chili",,,,,2,2,Years,,2,2,Years,,,,,,,,,,,,,,,,,,,,,,
3,Seasoning blends,,"Seasoning blends,blends,seasoning,blend",,,,,1,2,Years,,1,2,Years,,,,,,,,,,,,,,,,,,,,,,
3,Flavored or herb mixes,,"Flavored,herb mixes,herb,flavor,mixes,mix",,,,,6,6,Months,,,,,,,,,,,,,,,,,,,,,,,,,,
3,Garlic,"chopped, commercial jars","Garlic,chopped,jars,commercial jars,jar",,,,,8,12,Months,,,,,,,,,,,,,,,,,,,,,,,,,,
3,Herbs,dried,"Herbs,dried,herb",,,,,1,2,Years,,1,2,Years,,,,,,,,,,,,,,,,,,,,,,
3,Spice/spices,whole,"Spice,spices,whole",,,,,3,4,Years,,3,4,Years,,,,,,,,,,,,,,,,,,,,,,
3,Spice/spices,ground,"Spice,spices,ground",,,,,2,3,Years,,2,3,Years,,,,,,,,,,,,,,,,,,,,,,
3,Sugar,brown,"Sugar,brown",,,Indefinitely,"Sugar never spoils, but for best quality use within 2 years of opening.",,,,,18,24,Months,,,,,,,,,,,,,,,,,,,,,,
3,Sugar,granulated,"Sugar,granulated",,,Indefinitely,"Sugar never spoils, but for best quality use within 2 years of opening.",,,,,18,24,Months,,,,,,,,,,,,,,,,,,,,,,
3,Sugar,confectioners,"Sugar,confectioners,confectioner",,,Indefinitely,"Sugar never spoils, but for best quality use within 2 years of opening.",,,,,18,24,Months,,,,,,,,,,,,,,,,,,,,,,
3,Sugar substitutes,,"Sugar substitutes,sugar,substitutes,substitute",,,,,2,2,Years,,,,Indefinitely,,,,,,,,,,,,,,,,,,,,,,
3,Tapiocas,,"Tapiocas,Tapioca",,,,,12,12,Months,,12,12,Months,,,,,,,,,,,,,,,,,,,,,,
4,Tube cans,"of biscuits, rolls, pizza dough, etc.","Tube cans,biscuits,biscuit,rolls,roll,pizza,pizza dough,dough,tube can,can,tube",,,,,,,,,,,,,,Package use-by date,,,,,,,,,,,,,,Not Recommended,,,,,
4,Ready-to-bake pie crust,,"Ready to bake pie crust,pie,crust,bake,ready",,,,,,,,,,,,,,Package use-by date,,,,,,,,,,,,,,,,2,2,Months,
4,Cookie dough,,"Cookie dough,cookie,dough",,,,,,,,,,,,,,Package use-by date,,,,,,,,,,,,,,,,2,2,Months,
18,Apples,,"Apples,apple",,,,,3,3,Weeks,,,,,,,,,4,6,Weeks,,,,,,,,8,8,Months,Freezing guidance applies to cooked product.,,,,
18,Apricots,,"Apricots,Apricot",,,When Ripe,"Ripe is when this item is tender, fully developed and ready to eat.",,,,,,,,2,5,Days,Timeline for refrigerator applies to ripe fruit.,,,,,,,,,,,,,Not Recommended,,,,,
18,Avocados,,"Avocados,Avocado",,,When Ripe,"Ripe is when this item is tender, fully developed and ready to eat.",,,,,,,,3,4,Days,Timeline for refrigerator applies to ripe fruit.,,,,,,,,,,,,,Not Recommended,,,,,
18,Bananas,,"Bananas,banana",,,When Ripe,"Ripe is when this item is tender, fully developed and ready to eat.",,,,,,,,3,3,Days,Timeline for refrigerator applies to ripe fruit; skin will blacken.,,,,,,,,,,,2,3,Months,,,,,
18,Berries,"cherries, goose berries, lychee","Berries,berry,cherries,cherry,goose berries,goose berry,lychee,gooseberries",,,,,,,,,,,,,,,,7,7,Days,,,,,,,,12,12,Months,,,,,
18,Berries,"blackberries, boysenberries, currant","Berries,berry,blackberries,blackberry,boysenberries,boysenberry,currant",,,,,,,,,,,,,,,,3,6,Days,,,,,,,,12,12,Months,,,,,
18,Blueberries,,"Blueberries,blueberry,berries,berry",,,,,,,,,,,,,,,,1,2,Weeks,,,,,,,,8,12,Months,,,,,
18,Cherimoya,,Cherimoya,,,When Ripe,"Ripe is when this item is tender, fully developed and ready to eat.",,,,,,,,4,4,Days,Timeline for refrigerator applies to ripe fruit.,,,,,,,,,,,10,12,Months,,,,,
18,Citrus fruit,"lemon, lime, orange, grapefruit, tangerines, clementines","Citrus fruit,fruit,citrus,lemon,lime,orange,grape,grapefruit,tangerines,tangerine,clementines,clementine",,,,,10,10,Days,,,,,,,,,10,21,Days,,,,,,,,,,Not Recommended,,,,,
18,Coconut,shredded,"Coconut,shredded",,,,Applies to unopened coconut.,1,1,Years,,,,,,,,,,,,,8,8,Months,,,,1,1,Years,,,,,
18,Coconuts,fresh,"Coconuts,Coconut,fresh",,,,,1,1,Weeks,,,,,,,,,2,3,Weeks,,,,,,,,,,Not Recommended,,,,,
18,Cranberries,,"Cranberries,cranberry",,,,,,,,,,,,,,,,2,2,Months,,,,,,,,12,12,Months,,,,,
18,Dates,,Dates,,,,,2,2,Months,,,,,,,,,12,12,Months,,,,,,,,1,2,Years,,,,,
18,Grapes,,"Grapes,grape",,,,,1,1,Days,,,,,,,,,1,1,Weeks,,,,,,,,1,1,Months,Freezing guidance applies to whole grapes.,,,,
18,Guava,,Guava,,,When Ripe,"Ripe is when this item is tender, fully developed and ready to eat. Note, these spoil quickly.",,,,,,,,2,4,Days,Timeline for refrigerator applies to ripe fruit.,,,,,,,,,,,,,Not Recommended,,,,,
18,Kiwi fruit,,"Kiwi fruit,kiwi,fruit",,,When Ripe,"Ripe is when this item is tender, fully developed and ready to eat.",,,,,,,,3,6,Days,Timeline for refrigerator applies to ripe fruit.,,,,,,,,,,,,,Not Recommended,,,,,
18,Melons,,"Melons,melon",,,When Ripe,"Until Ripe, then 7 days. Ripe is when this item is tender, fully developed and ready to eat.",,,,,,,,,,,,2,2,Weeks,,2,4,Days,,,,1,1,Months,Freezing guidance applies to balled melon.,,,,
18,"Papaya, mango, feijoa, passionfruit, casaha melon",,"Papaya,mango,feijoa,passionfruit,casaha melon,melon,fruit,passion",,,,,3,5,Days,,,,,,,,,1,1,Weeks,,,,,,,,6,8,Months,,,,,
18,"Peaches, nectarines, plums, pears, sapote",,"Peaches,nectarines,plums,pears,sapote,peach,nectarine,plum,pear",,,When Ripe,"Until Ripe, then 1-2 days. Ripe is when this item is tender, fully developed and ready to eat.",,,,,,,,3,5,Days,Timeline for refrigerator applies to ripe fruit.,,,,,,,,,,,2,2,Months,"Freezing guidance applies to product when sliced, with lemon juice and sugar.",,,,
18,Pineapple,,Pineapple,,,When Ripe,"Until Ripe, then 1-2 days. Ripe is when this item is tender, fully developed and ready to eat.",,,,,,,,5,7,Days,Timeline for refrigerator applies to ripe fruit.,,,,,,,,,,,10,12,Months,,,,,
18,Plantains,,"Plantains,plantain",,,When Ripe,"Until Ripe, then 1-2 days. Ripe is when this item is tender, fully developed and ready to eat.",,,,,,,,3,5,Days,Timeline for refrigerator applies to ripe fruit.,,,,,,,,,,,10,12,Months,,,,,
18,Pomegranate,,Pomegranate,,,,,2,5,Days,,,,,,,,,1,3,Months,,,,,,,,10,12,Months,,,,,
19,"Artichokes, whole",,"Artichokes,artichoke,whole",,,,,1,2,Days,,,,,,,,,1,2,Weeks,,,,,,,,,,Not Recommended,,,,,
19,Asparagus,,Asparagus,,,,,,,,,,,,,,,,3,4,Days,,,,,,,,,,,,5,5,Months,
19,Bamboo shoots,,"Bamboo shoots,bamboo,shoots,shoot",,,,,,,,,,,,,,,,2,2,Weeks,,5,5,Days,,,,,,,,,,,
19,Beans and peas,"green, fava, lima, soybean, wax, snow, sugar snap","Beans,peas,green,fava,lima,soybean,wax,snow,sugar snap,sugar,pea,soya",,,,,,,,,,,,,,,,3,5,Days,,,,,,,,,,,,8,8,Months,
19,Beets,,Beets,,,,,1,1,Days,,,,,,,,,1,2,Weeks,,,,,,,,,,,,6,8,Months,
19,Bok choy,,Bok choy,,,,,,,,,,,,,,,,2,3,Days,,,,,,,,,,,,10,12,Months,
19,Broccoli and broccoli raab (rapini),,"Broccoli,broccoli raab,rapini,raab",,,,,,,,,,,,,,,,3,5,Days,,,,,,,,,,,,10,12,Months,
19,Brussels sprouts,,"Brussels sprouts,brussels,sprouts,sprout,brussel",,,,,,,,,,,,,,,,3,5,Days,,,,,,,,,,,,10,12,Months,
19,Cabbage,,Cabbage,,,,,,,,,,,,,,,,1,2,Weeks,,,,,,,,,,,,10,12,Months,
19,"Carrots, parsnips",,"Carrots,parsnips,carrot,parsnip",,,,,,,,,,,,,,,,2,3,Weeks,,,,,,,,,,,,10,12,Months,
19,Cauliflower,,Cauliflower,,,,,,,,,,,,,,,,3,5,Days,,,,,,,,,,,,10,12,Months,
19,Celery,,Celery,,,,,,,,,,,,,,,,1,2,Weeks,,,,,,,,,,,,10,12,Months,
19,Corn on the cob,,"Corn,cob",,,,,,,,,,,,,,,,1,2,Days,,,,,,,,,,,,8,8,Months,
19,Cucumbers,,"Cucumbers,cucumber",,,,,,,,,,,,,,,,4,6,Days,,,,,,,,,,Not Recommended,,,,,
19,Eggplant,,"Eggplant,egg",,,,,1,1,Days,,,,,,,,,4,7,Days,,,,,,,,,,,,6,8,Months,
19,Garlic,,Garlic,,,,Store unbroken bulbs in pantry.,1,1,Months,,,,,,,,Store individual cloves in refrigerator.,3,14,Days,,,,,,,,,,,,1,1,Months,
19,Ginger root,,"Ginger root,ginger,root",,,,,2,5,Days,,,,,,,,,2,3,Weeks,,,,,,,,,,,,6,6,Months,
19,Greens,,"Greens,green",,,,,,,,,,,,,,,,1,4,Days,,,,,,,,,,,,10,12,Months,
19,Herbs,,"Herbs,herb",,,,,,,,,,,,,,,,7,10,Days,,,,,,,,,,,,1,2,Months,
19,Leeks,,"Leeks,leek",,,,,,,,,,,,,,,,1,2,Weeks,,,,,,,,,,,,10,12,Months,
19,Lettuce,"iceberg, romaine","Lettuce,iceberg,romaine",,,,,,,,,,,,,,,,1,2,Weeks,,,,,,,,,,Not Recommended,,,,,
19,Lettuce,"leaf, spinach","Lettuce,leaf,spinach",,,,,,,,,,,,,,,,3,7,Days,,,,,,,,,,Not Recommended,,,,,
19,Mushrooms,,"Mushroom,mushrooms",,,,,,,,,,,,,,,,3,7,Days,,,,,,,,,,,,10,12,Months,
19,Okra,,Okra,,,,Highly perishable when stored in the pantry.,1,1,Days,,,,,,,,,2,3,Days,,,,,,,,,,,,10,12,Months,
19,Onions,"yellow, white, red, etc.","Onions,yellow,white,red,onion",,,,,1,1,Months,,,,,,,,,2,2,Months,,,,,,,,,,,,10,12,Months,
19,Onions,spring or green,"Onions,spring,green,onion",,,,,1,1,Months,,,,,,,,,1,1,Weeks,,,,,,,,,,,,10,12,Months,
19,Peppers,,"Peppers,pepper",,,,,,,,,,,,,,,,4,14,Days,,,,,,,,,,,,6,8,Months,
19,Potatoes,,"Potatoes,potato",,,,This is the recommended storage method for whole potatoes.,1,2,Months,,,,,,,,The United States Potato Board notes refrigeration can cause potatoes to darken during cooking and to develop an unpleasantly sweet taste.,1,2,Weeks,,,,,,,,10,12,Months,Freezer timeline applies to cooked and mashed potatoes.,,,,
19,Pumpkins,,"Pumpkins,pumpkin",,,,,2,3,Months,,,,,,,,,3,5,Months,,,,,,,,,,,,,,,
19,Radishes,,"Radishes,radish",,,,,,,,,,,,,,,,10,14,Days,,,,,,,,,,Not Recommended,,,,,
19,Rhubarb,,Rhubarb,,,,,,,,,,,,,,,,3,7,Days,,,,,,,,,,,,,,,
19,Rutabagas,,Rutabagas,,,,,1,1,Weeks,,,,,,,,,2,3,Weeks,,,,,,,,,,,,8,10,Months,
19,Squash,summer and zucchini,"Squash,summer,zucchini",,,,,1,5,Days,,,,,,,,,4,5,Days,,,,,,,,,,,,10,12,Months,
19,Squash,winter,"Squash,winter",,,,,2,6,Weeks,,,,,,,,,1,3,Months,,,,,,,,,,,,10,12,Months,
19,Tamarind,,Tamarind,,,,,1,3,Weeks,,,,,,,,Refrigeration guidelines apply to just the pulp.,6,6,Months,,,,,,,,1,1,Years,Freezing guidelines apply to just the pulp.,,,,
19,Taro,,Taro,,,,,7,7,Days,,,,,,,,Refrigeration not recommended.,2,3,Days,,,,,,,,,,,,,,,
19,Tomatoes,,"Tomatoes,tomato",,,When Ripe,"Until Ripe, then 7 days. Ripe is when this item is tender, fully developed and ready to eat. Refrigeration may affect flavor; USDA recommends pantry storage.",,,,,,,,,,,,,,,,,,,,,,,,,,2,2,Months,
19,Turnips,,"Turnips,turnip",,,,,,,,,,,,,,,,2,2,Weeks,,,,,,,,,,,,8,10,Months,
19,Yuca/cassava,,"Yuca,cassava",,,,,7,7,Days,,,,,,,,,3,3,Days,,,,,,,,,,,,1,2,Months,
8,Dough,commercial (bread or cookie),"Dough,commercial,bread,cookie",,,,,,,,,,,,3,4,Days,Recommendation is for storage after cooking.,,,,,,,,,,,,,,,12,12,Months,"Keep frozen. For safety, cook as directed."
8,Egg substitutes,,"Egg substitutes,egg,substitute,Egg substitute",,,,,,,,,,,,3,4,Days,Recommendation is for storage after cooking.,,,,,,,,,,,,,,,12,12,Months,"Keep frozen. For safety, cook as directed."
8,Fish,breaded,"Fish,breaded,bread",,,,,,,,,,,,,,Not Recommended,Not recommended to refrigerate after cooking due to decreased quality.,,,,,,,,,,,,,,,18,18,Months,"Keep frozen. For safety, cook as directed."
8,Fish,raw but headed and gutted,"Fish,raw,headed,gutted",,,,,,,,,,,,3,4,Days,Recommendation is for storage after cooking.,,,,,,,,,,,,,,,6,6,Months,"Keep frozen. For safety, cook as directed."
8,Frozen potato products,"fries, hashbrowns, tater tots","Frozen potato products,fries,hashbrowns,tater tots,potato products,products,product,frozen potato,hashbrown,tater tot",,,,,,,,,,,,,,Not Recommended,Not recommended to refrigerate after cooking due to decreased quality.,,,,,,,,,,,,,,,12,12,Months,"Keep frozen. For safety, cook as directed."
8,Frozen pretzels,,"Frozen pretzels,frozen,pretzels,pretzel",,,,,,,,,,,,3,4,Days,Recommendation is for storage after cooking.,,,,,,,,,,,,,,,9,9,Months,"Keep frozen. For safety, cook as directed."
8,Fruits,"such as berries, melons","Fruits,berries,melons,berry,melon",,,,,,,,,,,,,,,Thawing in the refrigerator is not recommended.,,,,,,,,,,,,,,,10,18,Months,
8,Ice cream,,"Ice cream,ice,cream",,,,,,,,,,,,,,,,,,,,,,,,,,,,,,6,6,Months,
8,Ice pops,,"Ice pops,ice,pops,pop",,,,,,,,,,,,,,,,,,,,,,,,,,,,,,9,9,Months,
8,Juice concentrates,,"Juice concentrates,juice,concentrate",,,,,,,,,,,,,,,,,,,,,,,,,,,,,,2,2,Years,
8,Lobster tails,,"Lobster tails,tail,lobster,Lobster tail",,,,,,,,,,,,3,4,Days,Recommendation is for storage after cooking.,,,,,,,,,,,,,,,8,8,Months,"Keep frozen. For safety, cook as directed."
8,"Pancakes, waffles",,"Pancakes,waffles,pancake",,,,,,,,,,,,,,Not Recommended,Not recommended to refrigerate after cooking due to decreased quality.,,,,,,,,,,,,,,,3,3,Months,"Keep frozen. For safety, cook as directed."
8,Sausages,uncooked,"Sausages,Sausage,uncooked,cooked",,,,,,,,,,,,3,4,Days,Recommendation is for storage after cooking.,,,,,,,,,,,,,,,1,2,Months,"Keep frozen. For safety, cook as directed."
8,Sausages,precooked,"Sausages,Sausage,precooked,cooked",,,,,,,,,,,,3,4,Days,Recommendation is for storage after cooking.,,,,,,,,,,,,,,,1,2,Months,"Keep frozen. For safety, cook as directed."
8,"Sherbet, sorbet",,"Sherbet,sorbet",,,,,,,,,,,,,,Not Recommended,Not recommended to refrigerate after cooking due to decreased quality.,,,,,,,,,,,,,,,9,9,Months,
8,"Shrimp, shellfish",,"Shrimp,shellfish,fish",,,,,,,,,,,,3,4,Days,Recommendation is for storage after cooking.,,,,,,,,,,,,,,,12,18,Months,"Keep frozen. For safety, cook as directed."
8,Soy crumbles and hot dogs,,"Soy crumbles,hot dogs,hot dog,soy,soy crumble",,,,,,,,,,,,3,4,Days,Recommendation is for storage after cooking.,,,,,,,,,,,,,,,1,2,Months,"Keep frozen. For safety, cook as directed."
8,Soy meat substitutes,,"Soy meat substitutes,soy,meat,soy meat,meat substitutes,substitutes,substitute",,,,,,,,,,,,3,4,Days,Recommendation is for storage after cooking.,,,,,,,,,,,,,,,12,18,Months,"Keep frozen. For safety, cook as directed."
8,Tempeh,,Tempeh,,,,,,,,,,,,3,4,Days,Recommendation is for storage after cooking.,,,,,,,,,,,,,,,6,6,Months,"Keep frozen. For safety, cook as directed."
8,Frozen entrees,prepared meals,"TV dinners,entrees,breakfast,dinners,dinner,entry,TV",,,,,,,,,,,,,,Not Recommended,Not recommended to refrigerate after cooking due to decreased quality.,,,,,,,,,,,,,,,12,12,Months,"Keep frozen. For safety, cook as directed."
8,Vegetables,,"Vegetables,vegetable",,,,,,,,,,,,3,4,Days,Recommendation is for storage after cooking.,,,,,,,,,,,,,,,10,18,Months,"Keep frozen. For safety, cook as directed."
9,Fresh pasta,,"Fresh pasta,pasta",,,,,,,,,,,,1,2,Days,,,,,,,,,,,,2,2,Months,,,,,
9,Beans,dried,"Beans,dried",,,,,1,2,Years,,1,1,Years,,,,,,,,,,,,,,,,,,,,,,
9,Lentils,dried,"Lentils,dried",,,,,1,1,Years,,1,1,Years,,,,,,,,,,,,,,,,,,,,,,
9,Pasta,"dry, without eggs","Pasta,dry,eggs,egg,without egg,without eggs",,,,,2,2,Years,,1,1,Years,,,,,,,,,,,,,,,,,,,,,,
9,Dry egg noodles,,"Dry egg noodles,egg noodles,egg,noodles,noodle,dry",,,,,2,2,Years,,1,2,Months,,,,,,,,,,,,,,,,,,,,,,
9,Peas,dried split,"Peas,Pea,dried split,split",,,,,1,1,Years,,1,1,Years,,,,,,,,,,,,,,,,,,,,,,
9,Rice,white or wild,"Rice,white,wild",,,,,2,2,Years,,1,1,Years,,,,,,,,,6,6,Months,,,,,,,,,,,
9,Rice,brown,"Rice,brown",,,,,1,1,Years,,1,1,Years,,,,,,,,,6,6,Months,,,,,,,,,,,
6,Barbecue sauce,bottled,"Barbecue sauce,sauce,bottled,Barbecue",,,,"Refrigeration ensures that commercial sauces and condiments stay fresh for a longer period of time. Shelf-stable commercial barbecue sauce is safe when stored at room temperature after opening. Quality, not safety, is the reason the labels on these products suggest that they be refrigerated after opening.",1,1,Years,,,,,,,,,,,,,4,4,Months,,,,,,,,,,,
6,Chutney,,Chutney,,,,,1,1,Years,,,,,,,,,,,,,1,2,Months,,,,,,,,,,,
6,"Cream sauces, milk solids",,"Cream sauces,milk solids,sauce,solids,cream,sauces,milk,solid",,,,,6,12,Months,,,,,,,,,,,,,,,,,,,,,,,,,,
6,Dry gravy mixes,,"Dry gravy mixes,gravy,mixes,mix,dry",,,,,2,2,Years,,,,,1,2,Days,Refrigeration time applies to prepared product.,,,,,,,,,,,,,,,,,,
6,Gravy,jars and cans,"Gravy,jars,cans,jar,can",,,,,2,5,Years,,,,,,,,,,,,,1,2,Days,,,,,,,,,,,
6,Honey,,Honey,,,,,2,2,Years,,,,,,,,,,,,,,,,,,,,,,,,,,
6,Horseradish,in jar,"Horseradish,jar",,,,,,,,,,,,,,,,12,12,Months,,3,4,Months,,,,,,,,,,,
6,"Jams, jellies, and preserves",,"Jams,jellies,preserves,jam,jelly,preserve",,,,,6,18,Months,,,,,,,,,,,,,6,12,Months,,,,,,,,,,,
6,"Ketchup, cocktail, or chili sauce",,"Ketchup,cocktail,chili sauce,sauce,chili",,,,"Refrigeration ensures that commercial sauces and condiments stay fresh for a longer period of time. Shelf-stable commercial ketchup, cocktail sauce, and chili sauce are safe when stored at room temperature after opening. Quality, not safety, is the reason the labels on these products suggest that they be refrigerated after opening.",1,1,Years,,,,,,,,,,,,,6,6,Months,,,,,,,,,,,
6,Marinades,,"Marinades,marinade",,,,,1,1,Years,,,,,,,,,,,,,6,6,Months,,,,,,,,,,,
6,Mayonnaise,commercial,"Mayonnaise,commercial",,,,"Refrigeration ensures that commercial sauces and condiments stay fresh for a longer period of time. Shelf-stable commercial mayonnaise is safe when stored at room temperature after opening.  Quality, not safety, is the reason the labels on these products suggest that they be refrigerated after opening.",3,6,Months,,,,,,,,,,,,,2,2,Months,,,,,,,,,,,
6,Mustard,,Mustard,,,,"Refrigeration ensures that commercial sauces and condiments stay fresh for a longer period of time. Shelf-stable commercial mustard is safe when stored at room temperature after opening. Quality, not safety, is the reason the labels on these products suggest that they be refrigerated after opening.",1,2,Years,,,,,,,,,,,,,1,1,Years,,,,,,,,,,,
6,Olives,black and green,"Olives,black,green,olive",,,,,12,18,Months,,,,,,,,,,,,,2,2,Weeks,,,,,,,,,,,
6,Pickles,,"Pickles,pickle",,,,,1,1,Years,,,,,,,,,,,,,1,3,Months,,,,,,,,,,,
6,Pesto,jarred,"Pesto,jarred,jar",,,,,,,,,,,,,,,,6,6,Months,,3,3,Days,,,,1,1,Months,,,,,
6,Salad dressings,"commercial, bottled","Salad dressings,dressings,dressing,commercial,bottled,bottle,salad",,,,"Refrigeration ensures that commercial sauces and condiments stay fresh for a longer period of time. Shelf-stable commercial salad dressing is safe when stored at room temperature after opening. Quality, not safety, is the reason the labels on these products suggest that they be refrigerated after opening.",10,12,Months,,,,,,,,,,,,,1,3,Months,,,,,,,,,,,
6,Salsa,picante and taco sauces,"Salsa,picante,taco sauces,taco,sauces,sauce",,,,"Refrigeration ensures that commercial sauces and condiments stay fresh for a longer period of time. Shelf-stable commercial salsa is safe when stored at room temperature after opening. Quality, not safety, is the reason the labels on these products suggest that they be refrigerated after opening.",1,1,Years,,,,,,,,,,,,,1,1,Months,,,,,,,,,,,
6,Sauce mixes,"nondairy (spaghetti, taco, etc.)","Sauce mixes,sauce,mixes,mix,nondairy,dairy,spaghetti,taco",,,,,2,2,Years,,,,,,,,,,,,,,,,,,,,,,,,,,
6,Spaghetti sauce,in jars,"Spaghetti sauce,sauce,in jars,jars,jar,spaghetti",,,,,18,18,Months,,,,,,,,,,,,,4,4,Days,,,,,,,,,,,
6,Soy sauce or teriyaki sauce,,"Soy sauce,teriyaki sauce,sauce,soy,teriyaki",,,,"Refrigeration ensures that commercial sauces and condiments stay fresh for a longer period of time. Shelf-stable commercial soy sauce and teriyaki sauce are safe when stored at room temperature after opening. Quality, not safety, is the reason the labels on these products suggest that they be refrigerated after opening.",3,3,Years,,,,,,,,,,,,,1,1,Months,,,,,,,,,,,
6,Vinegar,,Vinegar,,,,,2,2,Years,,,,,,,,,,,,,,,,,,,,,,,,,,
6,Worcestershire sauce,,"Worcestershire sauce,Worcestershire,sauce",,,,"Refrigeration ensures that commercial sauces and condiments stay fresh for a longer period of time. Shelf-stable commercial worcestershire sauce is safe when stored at room temperature after opening. Quality, not safety, is the reason the labels on these products suggest that they be refrigerated after opening.",1,1,Years,,,,,,,,,,,,,,,,,,,,,,,,,,
1,Jars or pouches,,"Jars,pouches,jar,pouch",,,,Should be discarded after use-by date.,,,,,,,,,,,,,,,,2,3,Days,,,,,,,,,,,
1,Fruit,,Fruit,,,,Should be discarded after use-by date.,,,,,,,,,,,,,,,,3,3,Days,,,,,,,,,,,
1,Vegetables,,"Vegetables,vegetable",,,,Should be discarded after use-by date.,,,,,,,,,,,,,,,,2,2,Days,,,,,,,,,,,
1,Dinners,,"Dinners,dinner",,,,Should be discarded after use-by date.,,,,,,,,,,,,,,,,2,2,Days,,,,,,,,,,,
1,"Cereal, dry mixes",,"Cereal,dry mixes,mixes,mix,dry",,,,Should be discarded after use-by date.,,,,,1,1,Months,,,,,,,,,,,,,,,,,,,,,,
1,Formula,prepared,"Formula,prepared,prepare",,,,Should be discarded after use-by date.,,,,,1,1,Hours,,,,,,,,,1,1,Days,,,,,,,,,,,
1,Liquid concentrate or ready-to-feed formula,,"Liquid concentrate,ready to feed formula,concentrate,liquid,formula,feed,ready to feed,feed formula",,,,Should be discarded after use-by date.,,,,,,,,,,,,,,,,2,2,Days,,,,,,,,,,,
23,Applesauce,commercial,"Applesauce,Apple,sauce,commercial",,,,,12,18,Months,,,,Not Recommended,,,,,,,,,7,10,Days,,,,,,,,,,,
23,Bacon bits,imitation,"Bacon bits,bits,imitation,bacon,bit",,,,,1,1,Years,,,,,,,,,,,,,,,Package use-by date,,,,,,,,,,,
23,Canned goods,"low acid (such as meat, poultry, fish, gravy, stew, soups, beans, carrots, corn, pasta, peas, potatoes, spinach)","Canned goods,canned,can,goods,low acid,low,meat,poultry,fish,gravy,stew,soups,soup,beans,bean,carrots,carrot,corn,pasta,peas,pea,potatoes,potato,spinach",,,,"Canned items will be safe to eat well past the ‘use-by’ or ‘best by’ date as long as the can shows no dents, rust, or swelling.",2,5,Years,,,,Not Recommended,,,,,,,,,3,4,Days,,,,,,,,,,,
23,Canned goods,"high acid (such as juices, fruit, pickles, sauerkraut, tomato soup, and foods in vinegar-based sauce)","Canned goods,canned,can,goods,high acid,high,juices,juice,fruit,fruits,pickles,pickle,sauerkraut,tomato soup,soup,tomato,foods in vinegar based sauce,sauce,foods,food,vinegar based,vinegar",,,,"Canned items will be safe to eat well past the ‘use-by’ or ‘best by’ date as long as the can shows no dents, rust, or swelling.",12,18,Months,,,,Not Recommended,,,,,,,,,5,7,Days,,,,,,,,,,,
23,Cereal,ready-to-eat,"Cereal,ready,eat",,,,,6,12,Months,,2,3,Months,,,,,,,,,,,,,,,,,,,,,,
23,Cereal,"cook before eating (oatmeal, etc.)","Cereal,cook before eating,oatmeal,oats,oat,meal",,,,,12,12,Months,,6,12,Months,,,,,,,,,,,,,,,,,,,,,,
23,Chocolate syrup,,"Chocolate syrup,Chocolate,syrup",,,,,2,2,Years,,,,Not Recommended,,,,,,,,,6,6,Months,,,,,,,,,,,
23,Crackers,,"Crackers,cracker",,,,,8,8,Months,,1,1,Months,,,,,,,,,3,4,Months,,,,3,4,Months,,,,,
23,Graham cracker/animal cracker,,"Graham cracker,animal cracker,Graham,cracker,animal",,,,,6,9,Months,,,,,,,,,,,,,,,,,,,,,,,,,,
23,"Fruits, dried","raisins, apricots, mangoes, cranberries, etc.","Fruits,fruit,dried,raisins,raisin,apricots,apricot,mangoes,mangoe,cranberries,cranberry",,,,,6,6,Months,,1,1,Months,,,,,,,,,6,6,Months,,,,,,,,,,,
23,Gummy (fruit) snacks,,"fruit snack,gummy,fruit,snacks,snack,gummy snacks,fruit snacks,gummy snack",,,,,6,9,Months,,,,,,,,,,,,,,,,,,,,,,,,,,
23,Marshmallows,,"Marshmallows,Marshmallow",,,,,1,1,Years,,1,1,Months,,,,,,,,,,,,,,,,,,,,,,
23,Marshmallow crème,,"Marshmallow crème,Marshmallow,crème",,,,,2,5,Months,,1,1,Months,,,,,,,,,,,,,,,,,,,,,,
23,Milk,canned evaporated or condensed,"Milk,can,canned,evaporated,condensed,evaporate,condense",,,,,12,12,Months,,,,,,,,,,,,,4,5,Days,,,,,,,,,,,
23,Molasses,,Molasses,,,,,1,2,Years,,6,6,Months,,,,,,,,,,,,,,,,,,,,,,
23,Mushrooms,dried,"Mushrooms,Mushroom,dried",,,,,1,2,Years,,3,3,Months,,,,,,,,,,,,,,,,,,,,,,
23,Nuts,jars or cans,"Nuts,nut,jar,jars,cans,can",,,,,1,1,Years,,2,9,Months,,,,,,,,,4,6,Months,,,,6,12,Months,,,,,
23,Peanut butter,commercial,"Peanut butter,butter,commercial,peanut",,,,,6,24,Months,,2,3,Months,,,,,,,,,,,,,,,,,,,,,,
23,Pectin,,Pectin,,,Package use-by date,,,,,,1,1,Months,,,,,,,,,,,,,,,,,,,,,,
23,Popcorn,dry kernels in jar,"Popcorn,dry kernels in jar,jar,dry kernels,kernels,in jar,kernel,chips,chip",,,,,2,2,Years,,1,1,Years,,,,,,,,,,,,,,,,,,,,,,
23,Popcorn,commercially popped in bags,"Popcorn,commercially,popped in bags,bags,bag,in bags",,,,,2,3,Months,,1,2,Weeks,,,,,,,,,,,,,,,,,,,,,,
23,Popcorn,microwave packets,"Popcorn,microwave packets,packets,microwave,packet",,,,After opening time applies to prepared product.,6,12,Months,,1,2,Days,,,,,,,,,,,,,,,,,,,,,,
23,Potato chips,,"Potato chips,potato,chips,chip,potatoes",,,Package use-by date,,2,2,Months,,1,2,Weeks,,,,,,,,,,,,,,,,,,,,,,
23,Potatoes,instant,"Potatoes,Potato,instant",,,,,10,15,Months,,6,12,Months,,,,,,,,,,,,,,,,,,,,,,
23,Pretzels,,"Pretzels,Pretzel",,,,,4,9,Months,,3,3,Weeks,,,,,,,,,,,,,,,,,,,,,,
23,Pudding mixes,,"Pudding mixes,Pudding,mixes,mix",,,,,1,1,Years,,3,4,Months,,,,,,,,,,,,,,,,,,,,,,
23,Soup mixes,dry bouillon,"Soup mixes,mixes,mix,soup,dry bouillon,bouillon",,,,,1,1,Years,,1,1,Years,,,,,,,,,,,,,,,,,,,,,,
23,Sun dried tomatoes,jar,"Sun dried tomatoes,dried tomatoes,sun,sun dried,dried,tomatoes,tomato",,,,,1,1,Years,,3,6,Months,,,,,,,,,3,6,Months,,,,,,,,,,,
23,Syrup,,Syrup,,,,,1,1,Years,,,,,,,,,,,,,6,6,Months,,,,,,,,,,,
23,Toaster pastries,,"Toaster pastries,pastry,Toaster,pastries",,,,,6,12,Months,,1,2,Weeks,,,,,,,,,,,,,,,,,,,,,,
5,Coffee,whole beans,"Coffee,whole beans,beans,whole,bean",,,,,3,5,Months,,3,5,Months,,,,,,,,,3,4,Months,,,,,,,,,,,
5,Coffee,"home ground, non-vacuum","Coffee,home ground,non vacuum,ground,home,vacuum",,,,,3,5,Months,,3,5,Weeks,,,,,,,,,,,,,,,1,2,Years,,,,,
5,Coffee,instant,"Coffee,instant",,,,,1,1,Years,,2,3,Months,,,,,,,,,,,,,,,,,,,,,,
5,Diet powder mixes and drink mixes,,"Diet powder mixes,drink mixes,mixes,drink,powder mixes,diet powder,mix",,,,,18,24,Months,,1,3,Months,,,,,,,,,,,,,,,,,,,,,,
5,"Fruit Juice in cartons, fruit drinks, punch",,"Fruit Juice in cartons,fruit drinks,punch,fruit,fruit juice,juice in cartons,cartons,carton,drinks,drink",,,,,3,3,Weeks,,7,12,Days,,,,,,,,,8,12,Days,,,,,,,,,,,
5,"Juice, boxes",,"Juice, boxes,box",,,Package use-by date,,,,,,,,,,,,,,,,,8,12,Days,,,,,,,,,,,
5,Nectar,"papaya, mango, guava, or guavabana","Nectar,papaya,mango,guava,guavabana,mangoes",,,,,12,18,Months,,,,,,,,,,,,,,,,,,,,,,,,,,
5,Soda,"carbonated cola drinks, mixers, diet sodas; bottles or cans","Soda,carbonated cola drinks,mixers,diet sodas,bottles,cans,cola drinks,drinks,drink,cola,carbonated,carbonated cola,mixer,diet,sodas,bottle,can",,,,,,,,,,,,,,,,,,,,2,3,Days,,,,,,,,,,,
5,Soy or rice beverage,,"Soy,rice beverage,rice,beverage",,,,,,,,,,,,,,,,,,,,7,10,Days,,,,,,,,,,,
5,Tea,bags,"Tea,bags,bag",,,,,18,36,Months,,6,12,Months,,,,,,,,,,,,,,,,,,,,,,
5,Tea,instant,"Tea,instant",,,,,2,3,Years,,6,12,Months,,,,,,,,,,,,,,,,,,,,,,
5,Tea,loose,"Tea,loose",,,,,2,2,Years,,6,12,Months,,,,,,,,,,,,,,,,,,Matcha tea is the only tea that can be frozen after opening.,,,,
5,Water,commercially bottled,"Water,commercially bottled,bottled,commercially,bottle,commercial",,,Indefinitely,"Water will store indefinitely, though the taste may be impacted by storage conditions, including sunlight, items stored around it and the containers being used to store it.",,,,,,,,,,,,,,,,,,,,,,,,,,,,,
18,Kumquats,,Kumquats,,,When Ripe,"Ripe is when this item is tender, fully developed and ready to eat.",,,,,,,,3,3,Weeks,Timeline for refrigerator applies to ripe fruit.,,,,,,,,,,,,,Not Recommended,,,,,
19,Bagged greens,"leaf, spinach, lettuce, etc.","Bagged greens,leaf,spinach,lettuce,bagged,greens,green",,,,,,,,,,,,3,5,Days,Unopened product will last 3 - 5 days after date on bag; after opening it will last 2 days.,,,,,2,2,Days,,,,,,Not Recommended,,,,,
6,Tahini,,Tahini,,,,,1,1,Years,,,,,,,,,,,,,3,3,Weeks,,,,,,,,,,,
25,Egg salad,,"Egg salad,egg,salad",,,,,,,,,,,,3,4,Days,,,,,,,,,,,,,,Not Recommended,,,,,
25,Potato salad,,"Potato salad,potato,salad",,,,,,,,,,,,3,5,Days,,,,,,,,,,,,,,Not Recommended,,,,,
25,Seafood salads,"(tuna salad, shrimp salad, salmon salad, mixed seafood salad, etc.)","Seafood salads,tuna salad, shrimp salad, salmon salad, mixed seafood salad,seafood,salads,salad,tuna,shrimp,salmon,mixed,mixed seafood,seafood salad,",,,,,,,,,,,,3,4,Days,,,,,,,,,,,,,,Not Recommended,,,,,
25,Chicken salad,,"Chicken salad,chicken,salad",,,,,,,,,,,,3,4,Days,,,,,,,,,,,,,,Not Recommended,,,,,
25,Ham salad,,"Ham salad,ham,salad",,,,,,,,,,,,3,4,Days,,,,,,,,,,,,,,Not Recommended,,,,,
25,Pasta salad,,"Pasta salad,pasta,salad",,,,,,,,,,,,3,5,Days,,,,,,,,,,,,,,Not Recommended,,,,,
7,Soy milk,,"Soy milk,soy,milk",,,,,,,,,,,,,,Package use-by date,Keep refrigerated.,,,,,7,10,Days,,,,,,,,,,,
19,Yams/sweet potatoes,,"Yams,sweet potatoes,potatoes,potato,yam",,,,,2,3,Weeks,,,,,,,,,,,,,,,,,,,,,,,,,,
19,Kale,,Kale,,,,,,,,,,,,,,,,3,5,Days,,,,,,,,,,,,8,12,Months,
9,Quinoa,uncooked,"Quinoa,cooked,uncooked,cook",,,,,2,3,Years,,,,,,,,,,,,,,,,,,,,,,,,,,
9,Quinoa,cooked,"Quinoa,cook,cooked",,,,,,,,,,,,6,7,Days,,,,,,,,,,,,6,12,Months,,,,,
7,Almond milk,,"Almond milk,milk,almond",,,,,,,,,,,,,,Package use-by date,Keep refrigerated.,,,,,7,10,Days,,,,,,,,,,,
7,Rice milk,,"Rice milk,rice,milk",,,,,,,,,,,,,,Package use-by date,Keep refrigerated.,,,,,7,10,Days,,,,,,,,,,,
7,Coconut milk,,"Coconut milk,coconut,milk",,,,,,,,,,,,,,Package use-by date,Keep refrigerated.,,,,,7,10,Days,,,,,,,,,,,
7,Coffee creamer,powdered,"Coffee creamer,creamer,cream,coffee,powdered,powder",,,,"Store in a dry, cool environment",2,2,Years,,2,3,Months,,,,,,,,,,,,,,,,,,,,,,
14,Turkey bacon,,"Turkey bacon,turkey,bacon",,,,,,,,,,,,,,,,2,2,Weeks,Unopened.,7,7,Days,Or until best-by date.,,,,,,,2,4,Months,
23,Fruit cocktail,canned ,"Fruit cocktail,cocktail,fruit,canned,can",,18,Months,,,,,,,,,,,,,,,,,,,,,,,,,,,,,,
6,Black bean sauce,,"Black bean sauce,sauce,bean,black,black bean,bean sauce",,,,,18,24,Months,,,,,,,,,,,,,3,6,Months,,,,,,,,,,,
6,Oyster sauce,,"Oyster sauce,oyster,sauce",,,,,18,24,Months,,,,,,,,,,,,,3,6,Months,,,,,,,,,,,
6,Hoisin sauce,,"Hoisin sauce,sauce,Hoisin",,,,,18,24,Months,,,,,,,,,,,,,3,6,Months,,,,,,,,,,,
12,Pork roll,,"Pork roll,Pork,roll",,,,,,,,,,,,,,Package use-by date,Keep refrigerated.,,,,,7,7,Days,,,,,,,,,,,
23,Almonds ,shell,"Almonds,Almond,shell",,,,,6,6,Months,,,,,,,,,16,16,Months,,,,,,,,,,,,20,20,Months,
23,Almonds ,no shell,"Almonds,Almond,no shell,shell",,,,,4,4,Months,,,,,,,,,8,8,Months,,,,,,,,,,,,10,10,Months,
23,Cashews,no shell,"Cashews,Cashew,no shell,shell",,,,,2,4,Weeks,,,,,,,,,6,6,Months,,,,,,,,,,,,12,12,Months,
23,Macadamias,no shell,"Macadamias,Macadamia,no shell,shell",,,,,2,4,Weeks,,,,,,,,,12,12,Months,,,,,,,,,,,,24,24,Months,
23,Peanuts,shell,"Peanuts,Peanut,shell,nut",,,,,4,4,Months,,,,,,,,,12,12,Months,,,,,,,,,,,,24,24,Months,
23,Peanuts,no shell,"Peanuts,Peanut,no shell,shell,nut",,,,,4,4,Weeks,,,,,,,,,12,12,Months,,,,,,,,,,,,24,24,Months,
23,Pecans,shell,"Pecans,Pecan,shell",,,,,2,4,Weeks,,,,,,,,,12,12,Months,,,,,,,,,,,,24,24,Months,
23,Pecans,no shell,"Pecans,Pecan,no shell,shell",,,,,2,4,Weeks,,,,,,,,,9,9,Months,,,,,,,,,,,,24,24,Months,
23,Pistachios,shell or no shell,"Pistachios,shell,no shell,Pistachio,pista",,,,,3,3,Weeks,,,,,,,,,12,12,Months,Refrigeration of this item provides no benefit.,,,,,,,,,,,24,24,Months,Freezing of this item provides no benefit.
23,Walnuts,shell or no shell,"Walnuts,shell,no shell,walnut",,,,,2,4,Weeks,,,,,,,,,9,12,Months,,,,,,,,,,,,24,24,Months,
5,Lime juice,,"Lime juice,lime,juice",,,,,12,18,Months,,,,,,,,,,,,,2,2,Months,,,,,,,,,,,
5,Lemon juice,,"Lemon juice,lemon,juice",,,,,12,18,Months,,,,,,,,,,,,,2,2,Months,,,,,,,,,,,
2,Bagel,fresh baked,"Bagel,fresh baked,baked",1,2,Days,,,,,,,,,,,,Refrigeration not recommended - bagel will quickly dry out and become stale.,,,,,,,,,,,3,3,Months,,,,,
2,Bagel ,commercially frozen,"Bagel,commercially frozen,frozen",,,,,,,,,,,,,,,,,,,,,,,,,,3,3,Months,,,,,
2,Muffin,"homemade - including bran, blueberry, banana, corn, chocolate chip","Muffin,homemade including bran,homemade,bran,blueberry,banana,corn,chocolate chip,including bran,chocolate,chip",3,7,Days,,,,,,,,,,,,Refrigeration not recommended - muffin will quickly dry out and become stale.,,,,,,,,,,,2,3,Months,,,,,
2,Muffin,commercially packaged,"Muffin,commercially packaged,packaged",3,7,Days,,,,,,,,,,,,Refrigeration not recommended - muffin will quickly dry out and become stale.,,,,,,,,,,,3,3,Months,,,,,
2,Muffin,"mix, dry, commercially packaged","Muffin,mix,dry,commercially packaged,packaged,commercially,commercial",9,9,Months,,,,,,,,,,,,,,,,,,,,,,,,,,,,,,
23,Coconut oil,,"Coconut oil,coconut,oil",3,3,Years,,,,,,,,,,,,Refrigeration not recommended - makes it difficult to use.,,,,,,,,,,,,,,Freezing not recommended - makes it difficult to use.,,,,
5,Orange juice,commercially packaged carton,"Orange juice,commercially packaged carton,orange,juice,commercially,packaged,carton,packaged carton,commercially packaged,commercial",,,,,,,,,,,,,,,Good for 1 week after date on package.,,,,,7,10,Days,,,,,,,,8,12,Months,
5,Orange juice,commercially frozen concentrate,"Orange juice,commercially frozen concentrate,orange,juice,commercially,frozen,concentrate,commercially frozen,frozen concentrate",,,,,,,,,,,,,,,"After prepared for drinking, good for up to 1 week.",,,,,,,,,,,,,,,12,12,Months,
5,Orange juice,freshly squeezed,"Orange juice,orange,juice,freshly squeezed,squeezed,freshly,fresh,sqeeze",,,,,,,,,,,,2,3,Days,,,,,,,,,,,,2,3,Weeks,,,,,
23,Roasted red peppers,jar,"Roasted red peppers,roasted,red,peppers,jar,Roasted red,red peppers,pepper",,,,,,,,,,,,4,6,Months,,,,,,,,,,,,,,,,,,,
3,Whole wheat flour,,"Whole wheat flour,Whole,wheat,flour,wheat flour,whole wheat",12,12,Months,,,,,,,,,2,2,Years,,,,,,,,,,,,2,2,Years,,,,,
9,Whole wheat bread,homemade,"Whole wheat bread,Whole,wheat,bread,homemade,whole wheat,wheat bread",3,5,Days,May have shorter shelf life due to lack of preservatives.,,,,,,,,,,,Refrigeration not recommended - bread will quickly dry out and become stale.,,,,,,,,,,,3,3,Months,,,,,
9,Whole wheat bread,commercially baked & pre-sliced,"Whole wheat flour,Whole,wheat,flour,wheat flour,whole wheat,commercially baked,pre sliced,sliced,slice,baked,commercially,commercial",3,5,Days,,,,,,,,,,,,Refrigeration not recommended - bread will quickly dry out and become stale.,,,,,,,,,,,3,3,Months,,,,,
5,Red wine,,"Red wine,red,wine",3,5,Years,"Dark, away from direct heat or sunlight.",,,,,,,,,,,,,,,,1,3,Days,Depending on conditions.,,,,,,,,,,
5,White wine,,"White wine,white,wine",1,2,Years,"Dark, away from direct heat or sunlight.",,,,,,,,,,,,,,,,1,3,Days,Depending on conditions.,,,,,,,,,,
23,Dry stuffing mix,commercially packaged,"Dry stuffing mix,Dry stuffing,stuffing mix,Dry,stuffing,mix,commercially packaged,packaged,commercially,commercial,pack",9,12,Months,Do not refrigerate.,,,,,,,,,,,,,,,,,,,,,,,,,,,,,
7,Powdered milk,,"Powdered milk,Powdered,milk,powder",3,5,Years,"3 - 5 year timetable based on cool temperatures, dark storage. May spoil as quickly as 3 months in hot temperatures.",,,,,3,3,Months,,,,,,,,,,,,,,,,,,,,,,
23,Almond butter,,"Almond butter,Almond,butter",1,1,Years,"When stored in the pantry, almond butter may become hard and the natural oil may separate and float to the top; this is perfectly normal. To reincorporate the natural almond oils into the almond butter, simply mix it manually or with a hand mixer.",,,,,,,,,,,,,,,,,,,,,,,,,,,,,
23,Cashew butter,,"Cashew butter,Cashew,butter",3,3,Months,Does not need to be refrigerated.,,,,,,,,,,,,,,,,,,,,,,,,,,,,,
23,Salt,"table, plain, or iodized","Salt,table,plain,iodized",,,Indefinitely,,,,,,,,,,,,,,,,,,,,,,,,,,,,,,
23,Black pepper,"ground, dried, commercially bottled or purchased in bulk","Black pepper,black,pepper,ground,dried,commercially bottled,commercially,bottled,bottle,commercial,purchased in bulk,bulk,purchased,purchase",,,,,2,2,Years,,,,,,,,,,,,,,,,,,,,,,,,,,
23,Black pepper,"cracked, dried, commercially bottled or purchased in bulk","Black pepper,black,pepper,crack,cracked,dried,commercially bottled,commercially,bottled,bottle,commercial,purchased in bulk,bulk,purchased,purchase",,,,,2,3,Years,,,,,,,,,,,,,,,,,,,,,,,,,,
23,Cajun seasoning blend ,"ground, dried, commercially bottled or purchased in bulk","Cajun seasoning blend,Cajun,seasoning,blend,Cajun seasoning,seasoning blend,ground,dried,commercially bottled,commercially,bottled,bottle,commercial,purchased in bulk,bulk,purchased,purchase",,,,,1,2,Years,,,,,,,,,,,,,,,,,,,,,,,,,,
23,Cinnamon,"ground, dried, commercially bottled or purchased in bulk","Cinnamon,ground,dried,commercially bottled,commercially,bottled,bottle,commercial,purchased in bulk,bulk,purchased,purchase",,,,,3,4,Years,,,,,,,,,,,,,,,,,,,,,,,,,,
23,Cumin,"ground, dried, commercially bottled or purchased in bulk, opened or unopened","Cumin,ground,dried,commercially bottled,commercially,bottled,bottle,commercial,purchased in bulk,bulk,purchased,purchase,opened,unopened,open,unopen",,,,,3,4,Years,,,,,,,,,,,,,,,,,,,,,,,,,,
23,Garlic powder,"dried, commercially bottled or purchased in bulk","Garlic powder,garlic,powder,dried,commercially bottled,commercially,bottled,bottle,commercial,purchased in bulk,bulk,purchased,purchase",,,,,3,4,Years,,,,,,,,,,,,,,,,,,,,,,,,,,
23,Onion powder ,"dried, commercially bottled or purchased in bulk","Onion powder,onion,powder,dried,commercially bottled,commercially,bottled,bottle,commercial,purchased in bulk,bulk,purchased,purchase",,,,,3,4,Years,,,,,,,,,,,,,,,,,,,,,,,,,,
23,Nutmeg,"ground, dried, commercially bottled or purchased in bulk","Nutmeg,ground,dried,commercially bottled,commercially,bottled,bottle,commercial,purchased in bulk,bulk,purchased,purchase",,,,,3,4,Years,,,,,,,,,,,,,,,,,,,,,,,,,,
7,Nacho cheese ,store bought,"Nacho cheese,nacho,cheese,store bought,store",,,,,2,2,Years,,,,,,,,,,,,,2,2,Weeks,,,,,,,Freezing not recommended - may negatively impact the texture.,3,3,Months,
18,Star fruit,,"Star fruit,fruit,fruits",1,1,Weeks,"Or until ripe. Ripe is when this item is tender, fully developed and ready to eat.",,,,,,,,,,,,1,2,Weeks,,,,,,,,10,12,Months,,,,,
18,Prickly pear ,,"Prickly pear,pear,pickle",2,5,Days,"Or until ripe. Ripe is when this item is tender, fully developed and ready to eat.",,,,,,,,,,,,1,2,Weeks,,,,,,,,10,12,Months,,,,,
18,Pitaya/dragon fruit,,"Pitaya,dragon fruit,fruit,fruits",2,5,Days,"Or until ripe. Ripe is when this item is tender, fully developed and ready to eat.",,,,,,,,,,,,2,3,Weeks,,,,,,,,10,12,Months,,,,,
18,Strawberries,,"Strawberries,strawberry",,,,,,,,,,,,,,,,2,3,Days,,,,,,,,8,12,Months,,,,,
18,Raspberries,,"Raspberries,raspberry",,,,,,,,,,,,,,,,2,3,Days,,,,,,,,8,12,Months,,,,,
18,Cherries,,"Cherries,cherry",,,,,,,,,,,,,,,,2,3,Days,,,,,,,,8,12,Months,,,,,
6,Broth,homemade,"Broth,homemade",,,,,,,,,,,,3,4,Days,,,,,,,,,,,,2,3,Months,,,,,
6,Beef broth/stock/consommé ,commercially produced,"Beef broth, beef stock,beef consommé,consommé,commercially produced",,,Package use-by date,Bouillon cubes will keep their best quality 1 year. The reconstituted broth lasts 3-4 days in the refrigerator.,,,,,,,,7,7,Days,,,,,,3,4,Days,,,,2,3,Months,,,,,
6,Chicken broth/stock/consommé ,commercially produced,"Chicken broth,chicken stock,consommé,commercially produced",,,Package use-by date,Bouillon cubes will keep their best quality 1 year. The reconstituted broth lasts 3-4 days in the refrigerator.,,,,,,,,7,7,Days,,,,,,3,4,Days,,,,2,3,Months,,,,,
6,Vegetable stock/broth ,commercially produced,"Vegetable stock,Vegetable broth,broth,commercial vegetable stock,commercial vegetable broth,vegetable",,,Package use-by date,Bouillon cubes will keep their best quality 1 year. The reconstituted broth lasts 3-4 days in the refrigerator.,,,,,,,,7,7,Days,,,,,,3,4,Days,,,,2,3,Months,,,,,
23,Peanut butter,"commercially produced, containing hydrogenated fat or other stabilizers","Peanut butter,butter,commercial peanut butter, hydrogenated fat,fat,stabilizers,stabilizer",,,,,6,9,Months,,2,3,Months,,,,,12,12,Months,,3,4,Months,,,,,,,,,,,
23,Peanut butter,natural,"Peanut butter,butter,natural",,,,,,,,,,,,,,,,12,12,Months,"Or package use-by date, whichever comes first.",3,4,Months,,,,,,,,,,,
7,Ricotta,,Ricotta,,,,,,,,,,,,,,,,2,2,Weeks,,1,1,Weeks,,,,,,Not Recommended,,,,,
19,Baby carrots,,"Baby carrots, carrot,baby carrot",,,,below 75 °F,4,4,Days,,,,,,,,,4,4,Weeks,,,,,,,,3,3,Months,Blanch before freezing.,,,,
19,Jicama,fresh,"Jicama,fresh",,,,,4,4,Months,1-2 weeks if inappropriately handled.,,,,,,,,2,3,Weeks,"Free from moisture; chilling injury causes decay, discoloration or loss of texture may occur.",,,,,,,,,,,,,,
19,Kimchi,,Kimchi,,,,,,,,,,,,,,,,6,12,Months,,,,,,,,,,,,,,,
19,Kohlrabi,,Kohlrabi,,,,,,,,,,,,,,,,1,1,Weeks,,,,,,,,8,12,Months,,,,,
18,Watermelon,,Watermelon,,,,,1,2,Days,Or until ripe.,,,,,,,,3,4,Days,,,,,,,,12,12,Months,,,,,
18,Cantaloupe,,Cantaloupe,,,,,2,4,Days,Or until ripe.,,,,,,,,5,15,Days,,,,,,,,12,12,Months,,,,,
18,Honeydew,,Honeydew,,,,,2,7,Days,,,,,,,,,3,4,Days,,,,,,,,12,12,Months,,,,,
9,Peanuts ,"boiled, shelled","Peanuts,boiled, shelled,peanut",,,,,3,3,Years,,,,,,,,,,,,,7,7,Days,,,,,,Indefinitely,,,,,
9,Refried beans,,"Refried beans,refried bean",,,,,3,3,Years,,,,,,,,,,,,,2,3,Days,,,,,,,,,,,
6,Relish,,Relish,,,,,30,30,Months,,,,,,,,,9,9,Months,,,,,,,,,,,Freezing not recommended.,,,,
23,Tomato paste,,Tomato paste,,,,,27,27,Months,,,,,,,,,,,,,5,5,Days,,,,2,3,Months,,,,,
23,Tapenade,,Tapenade,,,,,9,9,Months,,,,,,,,,9,9,Months,"Not necessary, but flavor will enhance.",,,,,,,,,,,,,,
23,Flaxseed,whole seed,"Flaxseed,whole seed,seed",,,,,2,2,Years,,,,,,,,Not necessary.,,,,,,,,,,,,,,Nnot necessary.,,,,
23,Flaxseed,ground,"Flaxseed,ground",,,,,,,,,,,,,,,,12,12,Months,,,,,,,,12,12,Months,,,,,
19,Lemongrass,,Lemongrass,,,,,,,,,,,,,,,,7,9,Days,,,,,,,,,,,,6,6,Months,
19,Cilantro,,Cilantro,1,2,Weeks,,,,,,,,,2,3,Weeks,,,,,,,,,,,,,,,Freeze damage will appear.,,,,
19,Mint,,Mint,1,2,Weeks,,,,,,,,,2,3,Weeks,,,,,,,,,,,,,,,Freeze damage will appear.,,,,
19,Basil,dried,"Basil,dried",12,12,Months,,,,,,,,,,,,,,,,,,,,,,,,,,,,,,
19,Basil,fresh,"Basil,fresh",5,5,Days,Keep stems in water.,,,,,,,,10,10,Days,Will start to discolor.,,,,,,,,,,,,,,,,,,
19,Oregano,,Oregano,1,2,Weeks,,,,,,,,,2,3,Weeks,,,,,,,,,,,,,,,Freeze damage will appear.,,,,
19,Rosemary,,Rosemary,1,2,Weeks,,,,,,,,,2,3,Weeks,,,,,,,,,,,,,,,Freeze damage will appear.,,,,
19,Chives,,Chives,1,2,Weeks,,,,,,,,,2,3,Weeks,,,,,,,,,,,,,,,Freeze damage will appear.,,,,
19,Thyme,,Thyme,1,2,Weeks,,,,,,,,,2,3,Weeks,,,,,,,,,,,,,,,,,,,
25,Turkey ,"pre-packaged, luncheon/deli meat","Turkey,pre-packaged,luncheon/deli meat,packaged,luncheon,deli",,,,,,,,,,,,,,,,2,2,Weeks,,3,5,Days,,,,,,,Freezing not recommended. ,1,2,Months,
25,Ham,"pre-packaged, luncheon/deli meat","Ham,pre-packaged,luncheon/deli meat,packaged,luncheon,deli",,,,,,,,,,,,,,,,2,2,Weeks,,3,5,Days,,,,,,,Freezing not recommended. ,1,2,Months,
25,Salami ,"pre-packaged, luncheon/deli meat","Salami,pre-packaged,luncheon meat,deli meat,packaged,luncheon/deli,pre",,,,,,,,,,,,,,,,2,2,Weeks,,3,5,Days,,,,,,,Freezing not recommended. ,1,2,Months,
25,Chicken,"pre-packaged, luncheon/deli meat","Chicken,pre-packaged,luncheon meat,deli meat,packaged",,,,,,,,,,,,,,,,2,2,Weeks,,3,5,Days,,,,,,,Freezing not recommended. ,1,2,Months,
25,Canadian bacon,whole,"Canadian bacon,bacon,whole",,,,,,,,,,,,2,2,Weeks,,,,,,,,,,,,2,2,Months,,,,,
25,Canadian bacon,sliced,"Canadian bacon,bacon,sliced",,,,,,,,,,,,10,10,Days,,80,80,Days,,,,,,,,12,12,Months,,,,,
23,Canola oil,,"Canola oil,canola",,,,,1,1,Years,,,,,,,,,,,,,,,,,,,,,,,,,,
23,Almond oil,,"Almond oil,almond",,,,,1,1,Years,,,,,,,,,2,2,Years,,,,,,,,,,,,,,,
23,Sunflower oil,,"Sunflower oil,oil,sunflower",,,,,1,1,Years,,,,,,,,,,,,,,,,,,,,,,,,,,
23,Grapeseed oil,,"Grapeseed oil,grapeseed,oil",,,,,1,1,Years,,,,,,,,,,,,,,,,,,,,,,,,,,
6,Duck fat,,"Duck fat,duck",,,,,,,,,,,,30,30,Days,,,,,,,,,,,,,,,,,,,
6,Bacon grease,,"Bacon grease,bacon,grease",,,,,,,,,,,,6,6,Months,,,,,,,,,,,,12,12,Months,,,,,
6,Frying oil,re-used,"Frying oil,re-used oil,oil",,,,,,,,,,,,1,1,Months,,,,,,,,,,,,6,9,Months,,,,,
3,Almond extract,,Almond extract,2,2,Years,,,,,,12,12,Months,,,,,,,,,,,,,,,,,,,,,,
3,Cinnamon extract,,Cinnamon extract,2,2,Years,,,,,,12,12,Months,,,,,,,,,,,,,,,,,,,,,,
3,Lemon extract,,"Lemon extract,lemon",2,2,Years,,,,,,12,12,Months,,,,,,,,,,,,,,,,,,,,,,
3,Pure vanilla extract,,"vanilla,vanila extract",2,2,Years,,,,,,12,12,Months,,,,,,,,,,,,,,,,,,,,,,
3,Butter flavor,,"Butter flavor,butter",2,2,Years,,,,,,12,12,Months,,,,,,,,,,,,,,,,,,,,,,
3,Coconut flavor,,"Coconut flavor,coconut",2,2,Years,,,,,,12,12,Months,,,,,,,,,,,,,,,,,,,,,,
23,"""Genuine"" Maple syrup","unopened, glass","Genuine Maple syrup,syrup,unopened, glass",4,4,Years,,,,,,,,,,,Indefinitely,,,,,,,,,,,,,,,,,,,
23,"""Genuine"" Maple syrup","unopened, plastic","Genuine Maple syrup,syrup,unopened, plastic",2,2,Years,,,,,,,,,18,24,Months,,,,,,,,,,,,,,,,,,,
5,Lemon juice,fresh squeezed,"Lemon juice,juice,fresh squeezed,squeezed,juices",,,,,,,,,,,,6,6,Days,,,,,,,,,,,,12,12,Months,,,,,
5,Apple juice,fresh squeezed,"Apple juice,juice,fresh squeezed,squeezed,juices,apple",,,,,,,,,,,,6,6,Days,,,,,,,,,,,,12,12,Months,,,,,
5,Carrot juice,fresh squeezed,"Carrot juice,juice,fresh squeezed,squeezed,juices",,,,,,,,,,,,6,6,Days,,,,,,,,,,,,12,12,Months,,,,,
5,Hard liquors,,"Hard liquors,liquor",,,Indefinitely,,,,,,,,,,,,,,,,,,,,,,,,,,,,,,
5,Cream liquors,unopened,"Cream liquors,liquors,unopened,liquor",6,8,Months,,,,,,,,,,,,,,,,,,,,,,,,,,,,,,
5,Coffee,"commercial ground, non-vacuum","Coffee,commercial ground, non-vacuum",,,,,2,2,Years,,2,2,Weeks,,,,Critical to be stored in an airtight container.,,,,,1,1,Months,,,,6,12,Months,Do not return to freezer once taken out.,,,,
2,Macaroons,french,"Macaroons,Macaroon,french",1,2,Days,Store in refrigerator if not eaten right away.,,,,,,,,,,,,,,,,,,,,,,3,3,Months,,,,,
7,Milk,lactose-free,"Milk,lactose,lactose-free",,,,,,,,,,,,,,,,,,,,1,1,Weeks,,,,,,Not Recommended,,,,,
7,String Cheese,,"String Cheese,cheese",,,,,,,,,,,,,,,,5,5,Months,,,,,,,,,,,,,,,
7,Vegan Cheddar Cheese,,"Vegan Cheddar Cheese,cheese,cheddar",,,,,,,,,,,,,,,,4,4,Months,,3,7,Days,,,,,,,,,,,
7,Quark,fresh cheese,"Quark,fresh cheese,cheese",,,,,,,,,,,,7,10,Days,,,,,,,,,,,,,,,,,,,
19,Zucchini,"fresh, whole","Zucchini,fresh, whole",,,,,,,,,,,,1,1,Weeks,,,,,,,,,,,,10,10,Months,,,,,
19,Hot peppers,,"Hot peppers,pepper",,,,,,,,,,,,,,,,1,1,Weeks,Fresh whole peppers will last longer if kept dry. ,,,,,,,9,9,Months,Peppers lose their crispness when frozen and thawed.,,,,
19,Bean sprouts,,"Bean sprouts,bean,sprouts",,,,,,,,,,,,,,,,5,10,Days,,,,,,,,,,,,,,,
19,Swiss chard,,"Swiss chard,chard",,,,,,,,,,,,,,,,1,2,Weeks,Keep them in a plastic bag to retain moisture.  ,,,,,,,,,,,,,,
4,Puff pastry,,"Puff pastry,pastry,pastries,puff",,,,,,,,,,,,,,,,,,,,,,,,,,12,12,Months,,,,,
4,Biscuits,refrigerated,"Biscuits,Biscuits,refrigerated",,,,,,,,,,,,,,Package use-by date,,,,,,,,,,,,,,Not Recommended,,,,,
9,Tortillas,corn,"Tortillas,corn",,,,,25,45,Days,,,,,,,,,60,90,Days,,,,,,,,,,,,,,,
4,Pie crust,refrigerated,"Pie crust,crust,refrigerated,pie",,,,,,,,,,,,,,Package use-by date,,,,,,,,,,,,2,2,Months,,,,,
23,Granola,,Granola,6,9,Months,,,,,,,,,,,,,,,,,,,,,,,,,,,,,,
23,Pork rinds,,"Pork rinds,pork,rinds",4,4,Months,From date of manufacturer.,,,,,,,,,,,,,,,,,,,,,,,,,,,,,
6,Apple cider vinegar,,"Apple cider vinegar,Apple cider, vinegar,cider,apple",,,Indefinitely,,,,,,,,,,,,,,,,,,,,,,,,,,,,,,
5,Nutrition supplement drinks,canned,"Nutrition supplement drinks,drinks,canned,supplement,Boost,Ensure",,,,,2,5,Years,,,,,,,,,,,,,2,2,Days,,,,,,,,,,,
6,Hot sauce,,"Hot sauce,sauce",6,6,Months,Will stay fresher longer if refrigerated.,,,,,,,,,,,,,,,,,,,,,,,,,,,,,
6,Thai red curry paste,,"Thai red curry paste,red curry paste,curry paste,paste,curry",,,,,2,2,Years,,,,,,,,,,,,,5,5,Days,,,,,,,,,,,
3,Yeast,packaged,"Yeast,packaged",,,,,2,2,Years,"Store in cool, dry place. Must be refrigerated or frozen once opened.",,,,,,,,,,,,4,4,Months,,,,6,6,Months,,,,,
18,Applesauce,homemade,"Applesauce,homemade",,,,,,,,,,,,3,3,Weeks,,,,,,,,,,,,8,12,Months,,,,,
12,Pate,meat ,"Pate,meat",,,,,,,,,,,,7,7,Days,Left over pâtés should be wrapped in plastic film.,,,,,,,,,,,,,,,,,,
14,Pate,poultry,"Pate,poultry",,,,,,,,,,,,7,7,Days,Left over pâtés should be wrapped in plastic film.,,,,,,,,,,,,,,,,,,
6,Cranberry sauce,canned,"Cranberry sauce,sauce,canned",,,,,2,2,Years,,,,,,,,,,,,,1,2,Weeks,,,,,,,"It is not recommend freezing cranberry sauce, as after thawing, it may become too watery.",,,,
6,Cranberry sauce,homemade,"Cranberry sauce,sauce,homemade",,,,,,,,,,,,7,10,Days,,,,,,,,,,,,,,,"It is not recommend freezing cranberry sauce, as after thawing, it may become too watery.",,,,
5,Vegetable juice,shelf-stable,"Vegetable juice,stable,shelf,shelf-stable",,,,,18,18,Months,,,,,,,,,,,,,,,,,,,,,,,,,,
5,Vegetable juice,"commercial, sold refrigerated","Vegetable juice,commercial,refrigerated,vegetable",,,,,,,,,,,,1,1,Months,,,,Package use-by date,,,,,,,,,,,,,,,
5,Vegetable juice,homemade,"Vegetable juice,juices,homemade,vegetable",,,,,,,,,,,,,,,,,,,,3,5,Days,,,,,,,,,,,
19,Marinated vegetables,in oil,"Marinated vegetables,vegetables,oil,vegetable",,,,,,,,,,,,3,4,Days,,,,,,,,,,,,,,,,,,,
8,Pizza,frozen,"Pizza,frozen",,,,,,,,,,,,3,4,Days,Recommendation is for storage after cooking.,,,,,,,,,,,12,12,Months,"Keep frozen. For safety, cook as directed.",,,,
25,Salsa,fresh,"Salsa,fresh",,,,,,,,,,,,4,7,Days,,,,,,,,,,,,,,,,,,,
23,Chia seeds,,"Chia seeds,chia,seed,seeds",18,18,Months,,,,,,,,,,,,,,,,,,,,,,,,,,,,,,
2,Bread,homemade,"Bread,Breads,homemade",3,5,Days,May have shorter shelf life due to lack of preservatives.,,,,,,,,2,3,Months,,,,,,,,,,,,,,,,,,,
9,Amaranth,whole grain,"Amaranth,whole grain,grain",4,4,Months,,,,,,,,,,,,,,,,,,,,,,,8,8,Months,,,,,
3,Amaranth,"flour, meal","Amaranth,flour,meal",2,2,Months,,,,,,,,,,,,,,,,,,,,,,,4,4,Months,,,,,
9,Barley,whole grain,"Barley,whole grain,grain",6,6,Months,,,,,,,,,,,,,,,,,,,,,,,12,12,Months,,,,,
3,Barley,"flour, meal","Barley,flour, meal",3,3,Months,,,,,,,,,,,,,,,,,,,,,,,6,6,Months,,,,,
9,Buckwheat,whole grain,"Buckwheat,whole grain,grain",2,2,Months,,,,,,,,,,,,,,,,,,,,,,,4,4,Months,,,,,
3,Buckwheat,"flour, meal","Buckwheat,flour, meal,meal",1,1,Months,,,,,,,,,,,,,,,,,,,,,,,2,2,Months,,,,,
9,Farro,whole grain,"Farro,whole grain,grain",6,6,Months,Benefits from being stored in airtight containers and out of direct light.,,,,,,,,,,,,,,,,,,,,,,12,12,Months,,,,,
3,Farro,"flour, meal","Farro,flour, meal",3,3,Months,,,,,,,,,,,,,,,,,,,,,,,6,6,Months,,,,,
9,Millet,whole grain,"Millet,whole grain,grain",2,2,Months,,,,,,,,,,,,,,,,,,,,,,,4,4,Months,,,,,
3,Millet,"flour, meal","Millet,flour, meal",1,1,Months,,,,,,,,,,,,,,,,,,,,,,,2,2,Months,,,,,
9,Oats,whole grain,"Oat,Oats,whole grain,grain",4,4,Months,,,,,,,,,,,,,,,,,,,,,,,8,8,Months,,,,,
3,Oats,"flour, meal","Oats,Oat,flour, meal",2,2,Months,,,,,,,,,,,,,,,,,,,,,,,4,4,Months,,,,,
9,Rye,whole grain,"Rye,whole grain,grain",6,6,Months,,,,,,,,,,,,,,,,,,,,,,,12,12,Months,,,,,
3,Rye,"flour, meal","Rye,flour, meal",3,3,Months,,,,,,,,,,,,,,,,,,,,,,,6,6,Months,,,,,
9,Sorghum,whole grain,"Sorghum,whole grain,grain",4,4,Months,,,,,,,,,,,,,,,,,,,,,,,8,8,Months,,,,,
3,Sorghum,"flour, meal","Sorghum,flour, meal",2,2,Months,,,,,,,,,,,,,,,,,,,,,,,4,4,Months,,,,,
9,Spelt,whole grain,"Spelt,whole grain,grain",6,6,Months,,,,,,,,,,,,,,,,,,,,,,,12,12,Months,,,,,
3,Spelt,"flour, meal","Spelt,flour, meal",3,3,Months,,,,,,,,,,,,,,,,,,,,,,,6,6,Months,,,,,
9,Teff,whole grain,"Teff,whole grain,grain",4,4,Months,,,,,,,,,,,,,,,,,,,,,,,8,8,Months,,,,,
3,Teff,"flour, meal","Teff,flour, meal",2,2,Months,,,,,,,,,,,,,,,,,,,,,,,4,4,Months,,,,,
10,Rabbit,"whole, fresh","Rabbit,whole, fresh",,,,,,,,,,,,2,2,Days,,,,,,,,,,,,9,9,Months,,,,,
19,Spaghetti squash,whole,"Spaghetti squash,squash,whole",2,2,Months,,,,,,,,,1,2,Weeks,Storage temperatures below 50 degrees (as in a refrigerator) will cause the squash to spoil more rapidly.,,,,,,,,,,,,,,,,,,
19,Spaghetti squash,cut,"Spaghetti squash,squash,cut",,,,,,,,,,,,4,5,Days,,,,,,,,,,,,,,,,,,,
3,Garam masala,,Garam masala,1,1,Years,,,,,,,,,,,,,,,,,,,,,,,,,,,,,,
6,Tomato sauce,"spaghetti, pizza","Tomato sauce,sauce,spaghetti, pizza",,,Package use-by date,Refrigerating unopened jars will NOT lengthen shelf life.,,,,,,,,,,,,,,,,3,5,Days,,,,,,,,,,,
19,Cherry tomatoes,,"Cherry, tomatoes,tomato",10,10,Days,,,,,,,,,5,5,Days,,,,,,,,,,,,,,,,,,,
23,Coconut cream,canned,"coconut cream,coconut,cream,canned,can",,,,,2,5,Years,,,,,,,,,,,,,4,4,Days,,,,3,3,Months,,,,,
23,Coconut milk,canned,"coconut milk,coconut,milk,canned,can",,,,,2,5,Years,,,,,,,,,,,,,4,4,Days,,,,3,3,Months,,,,,
25,Coleslaw,"homemade, prepared","coleslaw,homemade,homemade coleslaw,prepared,prepared coleslaw",,,,,,,,,,,,3,5,Days,,,,,,,,,,,,,,,,,,,
23,Pumpkin seeds,"raw, no shell","pumpkin,pumpkin seed,pumpkin seeds,seed,seeds",6,6,Months,,,,,,,,,6,6,Months,,,,,,,,,,,,,,,,,,,
23,Pumpkin seeds,"raw, in-shell","pumpkin,pumpkin seed,pumpkin seeds,seed,seeds",6,6,Months,,,,,,,,,,,Not Recommended,,,,,,,,,,,,,,,,,,,
23,Pumpkin seeds,"roasted, no-shell","pumpkin,pumpkin seed,pumpkin seeds,seed,seeds",6,6,Months,,,,,,,,,,,,Refrigeration not necessary for unsalted pumpkin seeds.,,,,,,,,,,,,,,,,,,
23,Pumpkin seeds,"roasted, in-shell","pumpkin,pumpkin seed,pumpkin seeds,seed,seeds",6,6,Months,,,,,,,,,,,,,,,,,,,,,,,,,,,,,,
23,Sunflower seeds,"raw, unsalted, no shell","sunflower,sunflower seed,sunflower seeds,seed,seeds",12,12,Months,,,,,,,,,,,,,,,,,,,,,,,,,,,,,,
23,Sunflower seeds,"roasted, no shell","sunflower,sunflower seed,sunflower seeds,seed,seeds,kernal,shell",,,,,12,12,Months,The (roasted) seeds will become rancid if stored at room temperature for long periods of time.,3,4,Months,,,,,,,,,7,8,Months,,,,,,,,,,,
23,Sunflower seeds,"roasted, salted, in shell","sunflower,sunflower seed,sunflower seeds,seed,seeds",,,,,,,Package use-by date,The (roasted) seeds will become rancid if stored at room temperature for long periods of time.,,,,,,,,,,,,,,,,,,,,,,,,,
19,Parsley,fresh,parsley,,,,,,,,,,,,2,3,Days,,,,,,,,,,,,3,4,Months,,,,,
23,Sesame oil,,"sesame oil,sesame,oil",,,,,2,2,Years,,6,6,Months,,,,,,,,,,,,,,,,,,,,,,
23,Sesame seeds,,"sesame seeds,sesame,seeds,seed",5,5,Years,,,,,,,,,,,,,,,,,,,,,,,,,,,,,,
23,Capers,in jar,"capers,caper,jar capers,in jar,jar",,,Package use-by date,,,,,,,,,,,,,,,,,,,,,,,,,,,,,,
23,Chocolate hazlenut spread,,"hazelnut spread, spread, hazelnut, chocolate spread, chocolate,Nutella,cocoa,cocoa spread",,,Package use-by date,"For best quality, do not refrigerate or microwave.",,,,,,,,,,,,,,,,,,,,,,,,,,,,,
23,"Roasted nuts (peanuts, cashews, almonds)",,"roasted nuts,roasted,nuts,roasted peanuts,roasted almonds,roasted cashews,almonds,cashews,peanuts",,,,,,,Package use-by date,,1,2,Weeks,,,,,,,,,4,4,Weeks,,,,,,,,,,,
23,Tuna,packet,"tuna packet,tuna,packet,retort,retort packaging",,,,,18,18,Months,,,,,,,,,,,,,3,4,Days,,,,,,,,,,,
23,Tuna,canned,"canned tuna,tuna,canned",3,3,Years,,,,,,,,,,,,,,,,,,,,,,,,,,,,,,
23,Seafood,canned,"canned seafood,seafood,canned",1,1,Years,,,,,,,,,,,,,,,,,1,2,Days,,,,,,,,,,,
7,Pimento cheese,packaged,"pimento cheese,pimento,cheese",,,,,,,,,,,,,,,,,,Package use-by date,,4,4,Weeks,,,,,,,,,,,
10,Bison,whole,"bison whole,bison,whole",,,,,,,,,,,,3,5,Days,,,,,,,,,,,,6,9,Months,,,,,
10,Bison,ground,"ground bison,bison,ground",,,,,,,,,,,,1,2,Days,,,,,,,,,,,,3,4,Months,,,,,
6,Salad dressing,creamy,"creamy salad dressing,salad,dressing,salad dressing,creamy",,,,,6,6,Months,,,,,,,,,,,,,3,4,Weeks,,,,,,,Freezing not recommended. ,,,,
6,Salad dressing,"vinaigrette,homemade","salad dressing,vinaigrette,salad,dressing,homemade",,,,,,,,,,,,2,3,Weeks,,,,,,,,,,,,,,,,,,,
6,Salad dressing,vinaigrette,"salad dressing,vinaigrette,salad,dressing",,,,,6,6,Months,,,,,,,,,,,,,4,4,Weeks,,,,,,,Freezing not recommended. ,,,,
6,Salad dressing,"dry,packaged","salad dressing,salad,dressing,dry,packaged,package,powdered,powder",,,Package use-by date,,,,,,,,,,,,,,,,,4,4,Weeks,,,,,,,Freezing not recommended. ,,,,
23,Grits,boxed,"boxed grits,grits,boxed,box",,,,,12,12,Months,,,,,,,,,,,,,,,,,,,,,,,,,,
7,Cheese Curds,"fresh, unaged","cheese curd,cheese,curd,curds,cheese curds",,,,,,,,,,,,2,2,Weeks,,,,,,,,,,,,4,4,Months,,,,,
25,Vegetable soup,homemade,"vegetable soup,vegetable,soup",,,,,,,,,,,,3,4,Days,,,,,,,,,,,,3,3,Months,,,,,
10,Chorizo,fresh,"fresh chorizo,chorizo",,,,,,,,,,,,1,2,Days,,,,,,,,,,,,1,2,Months,,,,,
12,Chorizo,"smoked and processed, uncooked","smoked chorizo,chorizo,processed chorizo,smoked,processed,uncooked,uncooked processed chorizo,uncooked smoked chorizo",,,,,,,,,,,,1,1,Weeks,,,,,,,,,,,,1,2,Months,,,,,
12,Chorizo,"smoked and processed, cooked","smoked chorizo,chorizo,processed chorizo,smoked,processed,cooked,cooked processed chorizo,cooked smoked chorizo",1,1,Years,,,,,,,,,,,,,,,,,1,1,Months,,,,6,6,Months,,,,,
23,Beets,pickled,"pickled beets,beets,pickled",1,1,Years,,,,,,,,,,,,Refrigerate after opening.,,,,,1,2,Months,,,,,,,,,,,
4,Cinnamon rolls,"unbaked, tube","cinnamon rolls,cinnamon roll,cinnamon,roll,rolls",,,,,,,,,,,,,,Package use-by date,,,,,,,,,,,,,,,,,,,
3,Cinnamon rolls,baked,"cinnamon rolls,cinnamon roll,cinnamon,roll,rolls",1,3,Days,,,,,,,,,,,,,,,,,,,,,,,3,3,Months,,,,,
6,Cooking wine,,"cooking wine,wine,cooking",,,Package use-by date,,,,,,,,,,,Package use-by date,,,,,,,,,,,,,,,,,,,
9,Bulgur,,bulgur,6,12,Months,,,,,,,,,,,,,,,,,,,,,,,,,,,,,,
10,Bratwurst,fresh,"fresh brautwurst,brautwurst,fresh",,,,,,,,,,,,2,3,Days,,,,,,,,,,,,2,3,Months,,,,,
12,Bratwurst,smoked and processed,"smoked brautwurst,processed brautwurst,bratwurst,smoked,processed",,,,,,,,,,,,5,7,Days,,,,,,,,,,,,2,3,Months,,,,,
19,Edamame,fresh,"edamame,fresh,fresh edamame,soybeans,soybean",,,,,,,,,,,,4,5,Days,,,,,,,,,,,,,,,,,,,
8,Edamame,frozen,"edamame,frozen,frozen edamame,soybean,soybeans",,,,,,,,,,,,,,,,,,,,,,,1,1,Weeks,,,,,2,2,Years,
23,Edamame,"salted, dry roasted, out of pod","edamame,soybean,soybeans,salted,roasted,dry roasted",12,12,Months,,,,,,,,,6,6,Months,,,,,,,,,,,,,,,,,,,
23,Breadcrumbs,commercial,"breadcrumbs,breadcrumb",6,6,Months,,,,,,,,,,,,,,,,,,,,,,,,,,,,,,
23,Milk ,shelf-stable,"shelf stable milk,milk,shelf,stable,UHT,ultrapasteurized,aseptic packaging",,,,,6,12,Months,,,,,,,,,,,,,5,7,Days,,,,,,,,,,,
25,Salsa,"homemade, fresh","homemade salsa,homemade,salsa",,,,,,,,,,,,5,7,Days,,,,,,,,,,,,12,12,Months,,,,,
6,Salsa,"homemade, canned","homemade salsa,homemade,salsa",9,12,Months,,,,,,,,,,,,,,,,,,,,,,,,,,,,,,
6,Tomato Sauce,"homemade, canned","homemade tomato sauce,homemade sauce,homemade spaghetti sauce,spaghetti sauce,tomato sauce,homemade",9,12,Months,,,,,,,,,,,,,,,,,,,,,,,,,,,,,,
6,Barbecue Sauce,"homemade, canned","homemade barbecue sauce,homemade sauce,homemade BBQ sauce,BBQ sauce,barbecue sauce",9,12,Months,,,,,,,,,,,,,,,,,,,,,,,,,,,,,,
7,Ghee,,"ghee,clarified butter,clarified,butter",6,8,Months,,,,,,,,,1,2,Years,,,,,,,,,,,,,,,,,,,
23,Corn syrup,,"corn syrup,corn,syrup",3,3,Years,Keep tightly covered; refrigerate to extend storage life.,,,,,,,,,,,,,,,,,,,,,,,,,,,,,
23,Nutrition supplement drinks,bottled,"Nutrition supplement drinks,drinks,bottled,supplement",,,Package use-by date,,,,,,,,,,,,,,,,,,,,,,,,,,,,,,
23,Instant breakfast drinks,bottled,"instant breakfast drinks,instant,breakfast,drinks,instant breakfast,instant drink,carnation,bottled instant breakfast drink,bottled instant breakfast,bottled breakfast",6,6,Months,,,,,,,,,,,,,,,,,,,,,,,,,,,,,,
23,Pine nuts,,"pine nuts,pine nut,pine,nut,nuts",2,3,Weeks,,,,,,,,,3,3,Months,,,,,,,,,,,,9,9,Months,Store in a plastic bag within an airtight container. ,,,,
3,Coconut flour,,"coconut flour,coconut,flour",,,,,,,,,,,,9,12,Months,Store in an airtight container.,,,,,,,,,,,9,12,Months,,,,,
23,Pecans,chopped,"chopped pecans,pecan,pecans,chopped",,,,,,,,,,,,12,12,Months,,,,,,,,,,,,2,2,Years,,,,,
23,Polenta,shelf-stable,"polenta,shelf stable,shelf stable polenta",,,Package use-by date,,,,,,,,,,,,,,,,,5,7,Days,,,,,,Not Recommended,,,,,
8,Polenta,frozen,"polenta,frozen,frozen polenta",,,,,,,,,,,,,,,,,,,,,,,5,5,Days,12,12,Months,,,,,
23,Cereal or granola bars,,"bars,bar,granola bars,granola bar,granola,cereal bars,cereal bar,nutrition bars,nutrition bar,energy bars,energy bar,health bars,health bar,fruit bars,fruit bar,snack bars,snack barsnack,,nut bars,nut bar,seed bars,seed bar,crunchy bars,crunchy bar,breakfast,breakfast bar,breakfast bars",6,12,Months,,,,,,,,,,,,,,,,,,,,,,,,,,,,,,
23,Milk ,ultra-pasteurized,"ultra pasteurized milk,milk,pasteurized,ultra",,,,,,,,,,,,1,3,Months,,,,,,7,10,Days,,,,,,,,,,,
5,Coconut water,,"coconut water,coconut,water",,,,,12,12,Months,,,,,,,,,,,,,1,2,Days,,,,,,,,,,,
19,Celery root,,"celeriac,celery root,celery",,,,,,,,,,,,1,1,Weeks,,,,,,,,,,,,,,,,,,,
5,Apple cider,fresh,"apple cider,apple,cider",2,3,Days,,,,,,,,,2,3,Weeks,,,,,,,,,,,,,,Indefinitely,,,,,
5,Yuzu juice,,"yuzu juice,yuzu,juice",,,,,4,6,Months,,,,,,,,,9,12,Months,,3,4,Months,,,,1,2,Years,,,,,
5,Yuzu,"fruit, fresh","yuzu,yuzu fruit",,,,,,,,,,,,5,7,Days,Store fresh yuzu wrapped in plastic in your refrigerator.  ,,,,,,,,,,,,,Indefinitely,"For long term storage of leftovers, freeze the juice and zest.",,,,
12,Pastrami,,pastrami,,,,,,,,,,,,40,40,Days,,,,,,,,,,,,,,,,,,,
8,Kugel,commercial,"kugel,commercial,commercial kugel",,,,,,,,,,,,,,,,,,,,,,,,,,1,1,Years,,,,,
25,Kugel,homemade,"kugel,homemade,homemade kugel",,,,,,,,,,,,3,4,Days,,,,,,,,,,,,1,1,Months,,,,,
23,Avocado Oil,,"avodaco oil,avocado,oil",,,,,2,2,Years,,6,6,Months,,,,,,,,,,,,,,,,,,,,,,
6,Balsamic vinegar,,"balsamic vinegar,balsamic,vinegar",,,,,3,5,Years,,,,,,,,,,,,,18,18,Months,,,,,,,,,,,
6,Aioli,homemade,"garlic aioli,aioli,garlic,mayonnaise,mayo,garlic mayo,garlic mayonnaise,mayo",,,,,,,,,,,,3,4,Days,,,,,,,,,,,,,,,,,,,
6,Salad dressing,homemade,"homemade salad dressing,homemade,salad dressing,salad,dressing",,,,,,,,,,,,,,,,,,,,2,2,Weeks,,,,,,,,,,,
23,Base,"beef, vegetable","beef base,vegetable base,base,beef,vegetable",,,Package use-by date,Refrigerate after opening.,,,,,,,,,,,,,,,,,,,,,,,,,,,,,
6,Anchovies,canned,"anchovies,anchovy,canned anchovies",5,5,Years,,,,,,,,,,,,,,,,,3,4,Days,,,,2,2,Months,Remove from can before freezing.,,,,
19,Radicchio,,radicchio,,,,,,,,,,,,2,3,Weeks,,,,,,,,,,,,,,,,,,,
12,Prosciutto,,prosciutto,,,,,,,,,,,,2,3,Months,,,,,,,,,,,,1,1,Months,,,,,
12,Ham ,"uncured, fresh, cooked","ham,uncured,fresh,cooked,uncured ham,fully cooked,fully cooked uncured ham",,,,,,,,,,,,3,4,Days,,,,,,,,,,,,3,4,Months,,,,,
10,Ham ,"uncured, fresh, uncooked","ham,uncured,fresh,uncooked,uncured ham,uncured ham uncooked",,,,,,,,,,,,3,5,Days,,,,,,,,,,,,6,6,Months,,,,,
19,Arugula,,"arugula,greens,salad greens,salad",,,,,,,,,,,,3,7,Days,,,,,,,,,,,,,,,,,,,
9,Mung bean,sprouts,"sprouted mung beans,sprouted mung bean,sprout,mung beans,mung bean,mung,bean,mungbean,sprouts",,,,,,,,,,,,4,6,Weeks,Never refrigerate wet sprouts. Transfer to a plastic bag or use a glass or plastic container. ,,,,,,,,,,,,,,,,,,
9,Mung bean,"dry, food-grade bags","mung beans,mung bean,mung,bean,dry mung beans,dry,bag,bagged mung beans",1,1,Years,Keep the beans in an airtight container as it’s imperative that they remain dry.,,,,,,,,1,1,Years,,,,,,,,,,,,1,1,Years,,,,,
9,Mung bean,"dry, vacuum-sealed","mung beans,mung bean,mung,bean,dry mung beans,dry,vacuum sealed,vacuum sealed mung beans",8,10,Years,,,,,,,,,,,,,,,,,,,,,,,,,,,,,,
23,Croutons,,"croutons,crouton,bread",5,6,Months,,,,,,,,,5,6,Months,,,,,,,,,,,,11,12,Months,,,,,
12,Bacon,uncured,"uncured bacon,nitrite-free bacon,natural bacon,uncured,nitrite-free,nitrite,natural,bacon",,,,,,,,,,,,4,7,Days,,,,,,,,,,,,3,4,Weeks,,,,,
23,Mustard,"dried, ground","mustard,dried mustard,ground mustard,dried ground mustard",6,6,Months,,,,,,,,,,,,,,,,,,,,,,,1,2,Years,,,,,
